stock,date,px_vol,volume
A,2019-10-01,0.00026293138979030354,204880.0
A,2019-10-02,0.00030825906072022373,175856.0
A,2019-10-03,0.00028491409084278023,196643.0
A,2019-10-04,0.0002155276671182852,162508.0
A,2019-10-07,0.00022276660444209807,136723.0
A,2019-10-08,0.0003980144332963328,306054.0
A,2019-10-09,0.0002305719963293508,164112.0
A,2019-10-10,0.00022691930091804538,128098.0
A,2019-10-11,0.0002922905856515378,140992.0
A,2019-10-14,0.00015600134558897507,100419.0
A,2019-10-15,0.00016969849296611105,101414.0
A,2019-10-16,0.00022408322083049894,244470.0
A,2019-10-17,0.00028187975941774073,145045.0
A,2019-10-18,0.00021480667855163998,207981.0
A,2019-10-21,0.00022323451665219276,139630.0
A,2019-10-22,0.00020166637665390037,164786.0
A,2019-10-23,0.0002261433875226458,319503.0
A,2019-10-24,0.00020172537608955694,152945.0
A,2019-10-25,0.00023905127411789798,100827.0
A,2019-10-28,0.00019719768657315695,110757.0
A,2019-10-29,0.0002472229861731429,145266.0
A,2019-10-30,0.00025100580739488776,103918.0
A,2019-10-31,0.0001927890637195539,97152.0
AAL,2019-10-01,0.0004043486221344372,1004383.0
AAL,2019-10-02,0.0005564375838039269,1811117.0
AAL,2019-10-03,0.0005451695567917988,1061444.0
AAL,2019-10-04,0.0003876480866840489,878831.0
AAL,2019-10-07,0.0003628049909291424,754958.0
AAL,2019-10-08,0.00047388280604108204,1262682.0
AAL,2019-10-09,0.00040704948614131713,1181746.0
AAL,2019-10-10,0.00047745398908642856,882758.0
AAL,2019-10-11,0.00048399421609907154,1053394.0
AAL,2019-10-14,0.0003077782011985411,454427.0
AAL,2019-10-15,0.00036060017382774184,922950.0
AAL,2019-10-16,0.0003747075468473281,922743.0
AAL,2019-10-17,0.00030275798194119466,729055.0
AAL,2019-10-18,0.0003247322798023121,621353.0
AAL,2019-10-21,0.00027600892342609406,746163.0
AAL,2019-10-22,0.0003571800165732954,992234.0
AAL,2019-10-23,0.00034674939203553564,765637.0
AAL,2019-10-24,0.0006977230164842941,1822178.0
AAL,2019-10-25,0.0004571612730903996,1697110.0
AAL,2019-10-28,0.000355673947610357,1076573.0
AAL,2019-10-29,0.0003403217730170309,842241.0
AAL,2019-10-30,0.0003285735182927779,1148644.0
AAL,2019-10-31,0.00036748351674870686,935045.0
AAP,2019-10-01,0.0003464075170937078,126639.0
AAP,2019-10-02,0.00036249827725707087,134795.0
AAP,2019-10-03,0.00040414214963157966,109041.0
AAP,2019-10-04,0.00030683940254076856,136552.0
AAP,2019-10-07,0.0002753912467341822,152740.0
AAP,2019-10-08,0.0003675908348833135,117908.0
AAP,2019-10-09,0.0002469142112834192,89731.0
AAP,2019-10-10,0.00038641959353997974,83661.0
AAP,2019-10-11,0.0003699212763096174,87620.0
AAP,2019-10-14,0.00031048823651005437,65254.0
AAP,2019-10-15,0.0002756077201804444,92468.0
AAP,2019-10-16,0.00032115179946942164,129806.0
AAP,2019-10-17,0.0003213794595171955,109401.0
AAP,2019-10-18,0.0002969694031065003,102532.0
AAP,2019-10-21,0.00030786184409347853,75711.0
AAP,2019-10-22,0.0003009176157079159,61407.0
AAP,2019-10-23,0.0002694648849266786,105711.0
AAP,2019-10-24,0.0004990033964140413,134631.0
AAP,2019-10-25,0.0002871057582400116,73502.0
AAP,2019-10-28,0.00046819625646496964,94066.0
AAP,2019-10-29,0.00038368709998331385,105693.0
AAP,2019-10-30,0.00036276547149139527,80032.0
AAP,2019-10-31,0.00028125719423399475,126236.0
AAPL,2019-10-01,0.00026949989760503016,2513264.0
AAPL,2019-10-02,0.000266126519456606,2314590.0
AAPL,2019-10-03,0.00033488260837378407,2165599.0
AAPL,2019-10-04,0.00020866896600033237,2523219.0
AAPL,2019-10-07,0.00021459818167167673,2526310.0
AAPL,2019-10-08,0.0003320239478751696,2040166.0
AAPL,2019-10-09,0.00020381373802572873,1604287.0
AAPL,2019-10-10,0.0002180613461284679,2399517.0
AAPL,2019-10-11,0.00024536528896093433,2962943.0
AAPL,2019-10-14,0.00017436138468779306,1670506.0
AAPL,2019-10-15,0.0001654908551551086,1630977.0
AAPL,2019-10-16,0.00015764727142530743,1317800.0
AAPL,2019-10-17,0.00016159608931777235,1219591.0
AAPL,2019-10-18,0.0001600469622592663,1652010.0
AAPL,2019-10-21,0.0001393254098059601,1854857.0
AAPL,2019-10-22,0.00016448630401525086,1557508.0
AAPL,2019-10-23,0.00015704428853105707,1362275.0
AAPL,2019-10-24,0.00016038996138315712,1360141.0
AAPL,2019-10-25,0.00013625194880509042,1510116.0
AAPL,2019-10-28,0.00013293653135248404,1707625.0
AAPL,2019-10-29,0.00023250304090520588,2475746.0
AAPL,2019-10-30,0.000207169481480922,2033360.0
AAPL,2019-10-31,0.0003063140375742201,2420085.0
ABBV,2019-10-01,0.00031820539408480006,716634.0
ABBV,2019-10-02,0.00027004063737394256,563624.0
ABBV,2019-10-03,0.00031127534327880985,408650.0
ABBV,2019-10-04,0.00023246635859947771,336360.0
ABBV,2019-10-07,0.00024947177312017093,287773.0
ABBV,2019-10-08,0.0003069063543695561,476684.0
ABBV,2019-10-09,0.00022961676397397816,306147.0
ABBV,2019-10-10,0.0002423977497295054,397213.0
ABBV,2019-10-11,0.000267619272332206,456904.0
ABBV,2019-10-14,0.000219764949644138,361503.0
ABBV,2019-10-15,0.00023250052135850288,342268.0
ABBV,2019-10-16,0.0002590362720800656,312903.0
ABBV,2019-10-17,0.0002374712074527774,496164.0
ABBV,2019-10-18,0.00027616758821472765,574358.0
ABBV,2019-10-21,0.00024405080510915775,484473.0
ABBV,2019-10-22,0.0002552431479883941,383687.0
ABBV,2019-10-23,0.00022937584191662003,474099.0
ABBV,2019-10-24,0.0002204772799300585,346838.0
ABBV,2019-10-25,0.00023071237057367612,297415.0
ABBV,2019-10-28,0.00019949429816197255,338355.0
ABBV,2019-10-29,0.00022433925568249665,342914.0
ABBV,2019-10-30,0.00028887983884262874,453671.0
ABBV,2019-10-31,0.0002724440072253035,475304.0
ABC,2019-10-01,0.0003281303017341077,147215.0
ABC,2019-10-02,0.0003181435870670558,138221.0
ABC,2019-10-03,0.0003569080472910174,100375.0
ABC,2019-10-04,0.0002733695004280447,81992.0
ABC,2019-10-07,0.0003381928844087759,92554.0
ABC,2019-10-08,0.0003445662327029453,125330.0
ABC,2019-10-09,0.0002591519157334453,61045.0
ABC,2019-10-10,0.00028250944260045706,66295.0
ABC,2019-10-11,0.0003265821602483082,88631.0
ABC,2019-10-14,0.000203750079946813,50653.0
ABC,2019-10-15,0.0003400595486360067,72908.0
ABC,2019-10-16,0.0005940554496149448,233461.0
ABC,2019-10-17,0.00042025761035705195,259437.0
ABC,2019-10-18,0.00030621502254926913,139892.0
ABC,2019-10-21,0.0005833166829622064,259540.0
ABC,2019-10-22,0.000310182323641659,85491.0
ABC,2019-10-23,0.0002915354984095456,78459.0
ABC,2019-10-24,0.0002724451334189144,110532.0
ABC,2019-10-25,0.0002755282954178681,38430.0
ABC,2019-10-28,0.00024254176225277024,47585.0
ABC,2019-10-29,0.0002808561956684102,124810.0
ABC,2019-10-30,0.0004569415648485682,153558.0
ABC,2019-10-31,0.000319302966212243,106016.0
ABMD,2019-10-01,0.0004060387781359792,94443.0
ABMD,2019-10-02,0.0005140759520722266,131685.0
ABMD,2019-10-03,0.0004324982291334641,102220.0
ABMD,2019-10-04,0.0004241704917379252,77360.0
ABMD,2019-10-07,0.0004570129641121732,75472.0
ABMD,2019-10-08,0.0005392654952856194,154311.0
ABMD,2019-10-09,0.0003809955824381244,101112.0
ABMD,2019-10-10,0.0004982971580928785,117555.0
ABMD,2019-10-11,0.0004584300498988558,97544.0
ABMD,2019-10-14,0.00042098884307129514,135540.0
ABMD,2019-10-15,0.0004019265902389419,134422.0
ABMD,2019-10-16,0.00039700599445586143,68411.0
ABMD,2019-10-17,0.00038553942061228037,88114.0
ABMD,2019-10-18,0.0003743481863668989,97348.0
ABMD,2019-10-21,0.00033884792037956594,60269.0
ABMD,2019-10-22,0.00030474232784428497,72734.0
ABMD,2019-10-23,0.0006650845286496446,90923.0
ABMD,2019-10-24,0.00040105161152500146,84852.0
ABMD,2019-10-25,0.0002949130305374371,57034.0
ABMD,2019-10-28,0.00033809296506699503,74260.0
ABMD,2019-10-29,0.0004425424829985129,146805.0
ABMD,2019-10-30,0.0005806316654278619,135787.0
ABMD,2019-10-31,0.0011749392220233878,280532.0
ABT,2019-10-01,0.0002934160184653806,332597.0
ABT,2019-10-02,0.00028341458231161625,446863.0
ABT,2019-10-03,0.00029741101726227616,317054.0
ABT,2019-10-04,0.0002540677500836635,293803.0
ABT,2019-10-07,0.00020152331633250265,208888.0
ABT,2019-10-08,0.0003281733627926495,450550.0
ABT,2019-10-09,0.00024536572460975804,292005.0
ABT,2019-10-10,0.00023743108001254983,283963.0
ABT,2019-10-11,0.00031593909212132955,327226.0
ABT,2019-10-14,0.0001766021198721144,361634.0
ABT,2019-10-15,0.0002751921009970882,585854.0
ABT,2019-10-16,0.0005239422392284976,542948.0
ABT,2019-10-17,0.00021307059870078867,358939.0
ABT,2019-10-18,0.00020216755215796817,294771.0
ABT,2019-10-21,0.00020065932004572422,484328.0
ABT,2019-10-22,0.00022228372220610063,359996.0
ABT,2019-10-23,0.00022286068747760028,325649.0
ABT,2019-10-24,0.00021245011815876724,383759.0
ABT,2019-10-25,0.00019734514400255877,490318.0
ABT,2019-10-28,0.00022300505577541396,370615.0
ABT,2019-10-29,0.00020115140862383968,372122.0
ABT,2019-10-30,0.00021473502793599986,304727.0
ABT,2019-10-31,0.0002113587196484981,307275.0
ACN,2019-10-01,0.00023329828919046606,156599.0
ACN,2019-10-02,0.0002451671574450208,327767.0
ACN,2019-10-03,0.0003078107948170597,278494.0
ACN,2019-10-04,0.00020926229174211938,183324.0
ACN,2019-10-07,0.0001930450021061453,158184.0
ACN,2019-10-08,0.00028634770606598536,301407.0
ACN,2019-10-09,0.00019432298084052862,187959.0
ACN,2019-10-10,0.00020701760506555667,283208.0
ACN,2019-10-11,0.0002697574527823595,266568.0
ACN,2019-10-14,0.00016831493427112875,114191.0
ACN,2019-10-15,0.00016225548902551673,193443.0
ACN,2019-10-16,0.00022242474515055618,159840.0
ACN,2019-10-17,0.0001444139262846877,146289.0
ACN,2019-10-18,0.00020162164165846746,248543.0
ACN,2019-10-21,0.0001619976063477846,122636.0
ACN,2019-10-22,0.00019159957343982544,222075.0
ACN,2019-10-23,0.0001948758428622508,172964.0
ACN,2019-10-24,0.00019379826689931885,199542.0
ACN,2019-10-25,0.00021375101568633912,143795.0
ACN,2019-10-28,0.00019347622168677548,187480.0
ACN,2019-10-29,0.00019154588729974209,201477.0
ACN,2019-10-30,0.00020212298129354496,124517.0
ACN,2019-10-31,0.00022794347183455681,118227.0
ADBE,2019-10-01,0.00026586279987845244,420662.0
ADBE,2019-10-02,0.00028714466595253517,580938.0
ADBE,2019-10-03,0.0003419263033036788,501818.0
ADBE,2019-10-04,0.000265316511014689,434591.0
ADBE,2019-10-07,0.000228311975287404,281362.0
ADBE,2019-10-08,0.00034427687202956897,420221.0
ADBE,2019-10-09,0.00024257395497195129,249158.0
ADBE,2019-10-10,0.00023850603742430967,224388.0
ADBE,2019-10-11,0.00026319430001467344,304404.0
ADBE,2019-10-14,0.00016639770820156704,258243.0
ADBE,2019-10-15,0.00016850835694107646,325790.0
ADBE,2019-10-16,0.0002994519191151713,559541.0
ADBE,2019-10-17,0.00022152845097738678,420866.0
ADBE,2019-10-18,0.00026382226844240555,634717.0
ADBE,2019-10-21,0.00021565856368365108,368322.0
ADBE,2019-10-22,0.00024110857637788847,502154.0
ADBE,2019-10-23,0.0002725566912841622,493263.0
ADBE,2019-10-24,0.0002610315492084224,555307.0
ADBE,2019-10-25,0.00024333911601677667,312848.0
ADBE,2019-10-28,0.00019406227543467997,431181.0
ADBE,2019-10-29,0.00019761279255650803,316957.0
ADBE,2019-10-30,0.000233055465928869,400537.0
ADBE,2019-10-31,0.00023668198351468946,444016.0
ADI,2019-10-01,0.00033317250289831816,570577.0
ADI,2019-10-02,0.0003354838290895862,314871.0
ADI,2019-10-03,0.00035059624814762094,291841.0
ADI,2019-10-04,0.0002693053609105108,273420.0
ADI,2019-10-07,0.0002772065591910131,345289.0
ADI,2019-10-08,0.0004115200839402811,560480.0
ADI,2019-10-09,0.0003162736932766055,296310.0
ADI,2019-10-10,0.00029922203633875224,307616.0
ADI,2019-10-11,0.0003509795842837003,529730.0
ADI,2019-10-14,0.00021231702369374147,240933.0
ADI,2019-10-15,0.00021333524811336242,355920.0
ADI,2019-10-16,0.00023910980355976467,355028.0
ADI,2019-10-17,0.00025422923731498344,240977.0
ADI,2019-10-18,0.00023825285805663036,247367.0
ADI,2019-10-21,0.00019984221105380132,209408.0
ADI,2019-10-22,0.00023022397692746194,305710.0
ADI,2019-10-23,0.0003589416146353891,625684.0
ADI,2019-10-24,0.00028559127936021044,464720.0
ADI,2019-10-25,0.00024540714948510784,315084.0
ADI,2019-10-28,0.0002231786525482455,307475.0
ADI,2019-10-29,0.0002253703804203018,361331.0
ADI,2019-10-30,0.0003109196133671969,382278.0
ADI,2019-10-31,0.00027080977441293157,498967.0
ADM,2019-10-01,0.0002454817069619197,254428.0
ADM,2019-10-02,0.00024993938273738364,254508.0
ADM,2019-10-03,0.0002772472902042356,203596.0
ADM,2019-10-04,0.00020280940281343905,131807.0
ADM,2019-10-07,0.00021370575579127382,212687.0
ADM,2019-10-08,0.0002917339026252016,383534.0
ADM,2019-10-09,0.00023479518675625815,235082.0
ADM,2019-10-10,0.00026807088945831947,317776.0
ADM,2019-10-11,0.00027631704686449627,269999.0
ADM,2019-10-14,0.0002061751383196647,168560.0
ADM,2019-10-15,0.00018948343306854622,183603.0
ADM,2019-10-16,0.00020088120648818755,230254.0
ADM,2019-10-17,0.00025199482924682194,246703.0
ADM,2019-10-18,0.000251328114238154,241363.0
ADM,2019-10-21,0.00018976103876626634,175388.0
ADM,2019-10-22,0.00021985245094851668,166395.0
ADM,2019-10-23,0.00022476744982503162,118666.0
ADM,2019-10-24,0.00021142529652902578,187444.0
ADM,2019-10-25,0.0002268623044515365,212289.0
ADM,2019-10-28,0.00020356035854379061,234731.0
ADM,2019-10-29,0.0002070325230879932,237250.0
ADM,2019-10-30,0.00024397454250589163,337713.0
ADM,2019-10-31,0.0004665843458883532,442943.0
ADP,2019-10-01,0.00021498268002142232,298969.0
ADP,2019-10-02,0.00026283716391132725,417262.0
ADP,2019-10-03,0.0002593843519712332,290529.0
ADP,2019-10-04,0.00017036225195305008,263943.0
ADP,2019-10-07,0.00018172555429203237,153139.0
ADP,2019-10-08,0.00028336365675021055,330950.0
ADP,2019-10-09,0.00020201795476342525,308843.0
ADP,2019-10-10,0.0001984297286361635,389636.0
ADP,2019-10-11,0.0002469554016228792,356987.0
ADP,2019-10-14,0.00015626302640835192,221399.0
ADP,2019-10-15,0.000132717168058854,251017.0
ADP,2019-10-16,0.0002016664742943261,311447.0
ADP,2019-10-17,0.0001557289478785249,227330.0
ADP,2019-10-18,0.00015730405485802297,259653.0
ADP,2019-10-21,0.00015018830238051095,191485.0
ADP,2019-10-22,0.0001869659970780132,211889.0
ADP,2019-10-23,0.0001663599695382453,167751.0
ADP,2019-10-24,0.00016421832351945877,204271.0
ADP,2019-10-25,0.0001644120209665703,215220.0
ADP,2019-10-28,0.0001704613250792904,215228.0
ADP,2019-10-29,0.0001550905428462652,298202.0
ADP,2019-10-30,0.0004165454463730133,389843.0
ADP,2019-10-31,0.00022120588008791127,340197.0
ADS,2019-10-01,0.0003554035726422,55646.0
ADS,2019-10-02,0.00043914421681065584,88826.0
ADS,2019-10-03,0.0004220895737179019,57601.0
ADS,2019-10-04,0.0003617255545548452,44418.0
ADS,2019-10-07,0.00033819869634049894,69948.0
ADS,2019-10-08,0.00042763669971248057,83908.0
ADS,2019-10-09,0.00038301294410744355,88503.0
ADS,2019-10-10,0.00039555298678474606,58150.0
ADS,2019-10-11,0.00042026440704545854,67007.0
ADS,2019-10-14,0.00037595183803993884,54666.0
ADS,2019-10-15,0.0003224056516795462,67687.0
ADS,2019-10-16,0.00037778992958924706,91727.0
ADS,2019-10-17,0.0003314131699475404,54500.0
ADS,2019-10-18,0.0003094303797874949,71358.0
ADS,2019-10-21,0.00030339893659816336,38180.0
ADS,2019-10-22,0.00037279631857072107,68935.0
ADS,2019-10-23,0.0002857597557022744,85027.0
ADS,2019-10-24,0.001276560229643678,283223.0
ADS,2019-10-25,0.0005825670520348542,128639.0
ADS,2019-10-28,0.0004602661734859914,109968.0
ADS,2019-10-29,0.0005406127120511694,191497.0
ADS,2019-10-30,0.0004931474464896056,106942.0
ADS,2019-10-31,0.00046262736546141006,135403.0
ADSK,2019-10-01,0.00033236784301188103,316737.0
ADSK,2019-10-02,0.0003297421864714736,247341.0
ADSK,2019-10-03,0.00035046552356370584,265104.0
ADSK,2019-10-04,0.0003157825304967549,213617.0
ADSK,2019-10-07,0.0002758013509301156,185745.0
ADSK,2019-10-08,0.0003873850568979396,256415.0
ADSK,2019-10-09,0.0002633172612204053,157939.0
ADSK,2019-10-10,0.000279534012491098,264780.0
ADSK,2019-10-11,0.0003428467227159891,311834.0
ADSK,2019-10-14,0.00021299056133798811,188994.0
ADSK,2019-10-15,0.00023518372179262703,199192.0
ADSK,2019-10-16,0.00033347401030531243,275725.0
ADSK,2019-10-17,0.00025137535256957187,235904.0
ADSK,2019-10-18,0.00030751756265743333,511063.0
ADSK,2019-10-21,0.0002535156626526077,318515.0
ADSK,2019-10-22,0.0002375670365071448,288070.0
ADSK,2019-10-23,0.00025414908900599524,295168.0
ADSK,2019-10-24,0.00031691040696954503,209865.0
ADSK,2019-10-25,0.0002394579041900352,179298.0
ADSK,2019-10-28,0.00024410664290582426,156145.0
ADSK,2019-10-29,0.0002073653164166805,120773.0
ADSK,2019-10-30,0.00027536408753025155,204013.0
ADSK,2019-10-31,0.00028507061634301174,168285.0
AEE,2019-10-01,0.00020861846457832456,141372.0
AEE,2019-10-02,0.0002469691314630877,123965.0
AEE,2019-10-03,0.00021128324222518808,135131.0
AEE,2019-10-04,0.00019435211310705482,130230.0
AEE,2019-10-07,0.00019490203176137795,120484.0
AEE,2019-10-08,0.000205801377147569,186216.0
AEE,2019-10-09,0.00019481041165493783,201833.0
AEE,2019-10-10,0.00020866265854716602,149640.0
AEE,2019-10-11,0.00021601046356645916,171203.0
AEE,2019-10-14,0.00018822466787537346,129889.0
AEE,2019-10-15,0.00016974227217750356,214343.0
AEE,2019-10-16,0.0002470429612772838,199781.0
AEE,2019-10-17,0.00018226145908963254,169164.0
AEE,2019-10-18,0.00018757858012676237,230757.0
AEE,2019-10-21,0.00015852847781155777,156808.0
AEE,2019-10-22,0.00015821294179863858,157365.0
AEE,2019-10-23,0.0001472207967930248,141147.0
AEE,2019-10-24,0.0001802924010076646,110129.0
AEE,2019-10-25,0.00018483071483409893,162613.0
AEE,2019-10-28,0.00020843169787884556,231222.0
AEE,2019-10-29,0.00026220888013014606,174069.0
AEE,2019-10-30,0.00021017141374581977,173753.0
AEE,2019-10-31,0.00023421780269304706,233746.0
AEP,2019-10-01,0.00017425706906035206,405635.0
AEP,2019-10-02,0.00020277390076138793,350749.0
AEP,2019-10-03,0.00018845149981801224,240439.0
AEP,2019-10-04,0.0002006773609058815,236694.0
AEP,2019-10-07,0.00015491927788332545,193562.0
AEP,2019-10-08,0.0001931949557877741,214935.0
AEP,2019-10-09,0.00017748516094840493,167025.0
AEP,2019-10-10,0.00017783358255104534,184974.0
AEP,2019-10-11,0.00020677430410549364,222182.0
AEP,2019-10-14,0.00019554669123018014,209213.0
AEP,2019-10-15,0.00015149262950952419,209740.0
AEP,2019-10-16,0.00018256094728650836,266505.0
AEP,2019-10-17,0.0001726180805530134,204133.0
AEP,2019-10-18,0.0002026567950038168,319047.0
AEP,2019-10-21,0.00015553165275046765,343144.0
AEP,2019-10-22,0.00017765684115266355,307272.0
AEP,2019-10-23,0.00016735684592365682,260166.0
AEP,2019-10-24,0.00026542991978744827,231670.0
AEP,2019-10-25,0.0001862798189399908,244537.0
AEP,2019-10-28,0.0001790896067096892,222350.0
AEP,2019-10-29,0.00016753212882769704,247680.0
AEP,2019-10-30,0.00017410670320976807,152282.0
AEP,2019-10-31,0.00019173753178555468,242648.0
AES,2019-10-01,0.00026058952588194106,319016.0
AES,2019-10-02,0.0002603268913386448,335939.0
AES,2019-10-03,0.00029390669261680595,264920.0
AES,2019-10-04,0.00026063163247471674,262338.0
AES,2019-10-07,0.00025509144030601164,256296.0
AES,2019-10-08,0.0002393671299512459,289303.0
AES,2019-10-09,0.000272531151359415,370845.0
AES,2019-10-10,0.0003066924264593444,264997.0
AES,2019-10-11,0.00027709662031308964,244024.0
AES,2019-10-14,0.00022498537527145847,195891.0
AES,2019-10-15,0.0002787139391956605,352834.0
AES,2019-10-16,0.0002014122875782401,245844.0
AES,2019-10-17,0.00021322033320351195,250398.0
AES,2019-10-18,0.00018692171608113923,311921.0
AES,2019-10-21,0.00019739484366661036,276383.0
AES,2019-10-22,0.00024092512943178573,339003.0
AES,2019-10-23,0.00025253775600266065,401067.0
AES,2019-10-24,0.00021624742232836543,406295.0
AES,2019-10-25,0.0002595774229972773,327323.0
AES,2019-10-28,0.0002786248501902865,353785.0
AES,2019-10-29,0.00020211107147160342,386744.0
AES,2019-10-30,0.00023314915441191746,351121.0
AES,2019-10-31,0.00021931129836373763,327591.0
AFL,2019-10-01,0.0002167081047805551,389925.0
AFL,2019-10-02,0.00023195768005576808,431431.0
AFL,2019-10-03,0.0002586958578992501,400303.0
AFL,2019-10-04,0.00018493801318659174,294022.0
AFL,2019-10-07,0.00020117021545958914,273844.0
AFL,2019-10-08,0.00022193354779746492,349997.0
AFL,2019-10-09,0.00018345480669406804,303897.0
AFL,2019-10-10,0.0002123380001161713,292906.0
AFL,2019-10-11,0.00023227596734257,311456.0
AFL,2019-10-14,0.00016381966708723744,250130.0
AFL,2019-10-15,0.0001416114377696138,232641.0
AFL,2019-10-16,0.00014815793663530076,224512.0
AFL,2019-10-17,0.00015307483566498212,198742.0
AFL,2019-10-18,0.00013722940103925505,233458.0
AFL,2019-10-21,0.00014085186269122195,236708.0
AFL,2019-10-22,0.00013906000409455972,259928.0
AFL,2019-10-23,0.00015327075012969642,204913.0
AFL,2019-10-24,0.00016277886347451412,241579.0
AFL,2019-10-25,0.00026413870321008253,278287.0
AFL,2019-10-28,0.00017163023337607054,204006.0
AFL,2019-10-29,0.00016354303075715674,166454.0
AFL,2019-10-30,0.0001717148223349401,206884.0
AFL,2019-10-31,0.00018436267261701813,247726.0
AGN,2019-10-01,0.0001418652389462073,274020.0
AGN,2019-10-02,0.0001632511332054778,161773.0
AGN,2019-10-03,0.00016133641967581625,118607.0
AGN,2019-10-04,0.00011588096031353424,97124.0
AGN,2019-10-07,0.00011562883989650378,149678.0
AGN,2019-10-08,0.00014710441572123148,168596.0
AGN,2019-10-09,0.0001132831170672903,144320.0
AGN,2019-10-10,0.00012748643028128224,102547.0
AGN,2019-10-11,0.0001441444799591799,167798.0
AGN,2019-10-14,0.00010798708989708352,145567.0
AGN,2019-10-15,9.557375941098841e-05,152867.0
AGN,2019-10-16,0.0001307482764364612,154450.0
AGN,2019-10-17,0.00017218550443889952,165006.0
AGN,2019-10-18,0.0001341520143797353,222762.0
AGN,2019-10-21,0.00013603495580608913,137227.0
AGN,2019-10-22,0.00012346158001605713,95001.0
AGN,2019-10-23,0.00011826881016124269,166460.0
AGN,2019-10-24,0.00013605150206977396,189559.0
AGN,2019-10-25,0.00012982874356833534,113632.0
AGN,2019-10-28,0.00019996812993249946,213004.0
AGN,2019-10-29,0.00013085672197799754,93524.0
AGN,2019-10-30,0.00011600876108495408,61597.0
AGN,2019-10-31,0.00014336238597231182,60141.0
AIG,2019-10-01,0.0002463986654792109,391974.0
AIG,2019-10-02,0.00024732171178039694,354762.0
AIG,2019-10-03,0.0003196828091780193,294485.0
AIG,2019-10-04,0.0002706867957399288,320114.0
AIG,2019-10-07,0.0002476969508492486,274441.0
AIG,2019-10-08,0.0002814015266033852,401549.0
AIG,2019-10-09,0.00024545048588353927,244454.0
AIG,2019-10-10,0.0002651339621937085,470461.0
AIG,2019-10-11,0.00029700769152069385,487601.0
AIG,2019-10-14,0.00018626337602973091,197367.0
AIG,2019-10-15,0.00019625563579400113,264755.0
AIG,2019-10-16,0.0002154268889478886,340273.0
AIG,2019-10-17,0.00018045917210975912,203173.0
AIG,2019-10-18,0.00018614167373251134,262457.0
AIG,2019-10-21,0.0001974546206068068,169246.0
AIG,2019-10-22,0.00024072241352688747,446689.0
AIG,2019-10-23,0.00018661945773287242,290889.0
AIG,2019-10-24,0.00018135571320417724,164388.0
AIG,2019-10-25,0.0002075738098546654,255542.0
AIG,2019-10-28,0.00017603289042981981,212113.0
AIG,2019-10-29,0.0004862936384802332,695184.0
AIG,2019-10-30,0.00025283004194341375,417253.0
AIG,2019-10-31,0.0002448763298447262,435337.0
AIV,2019-10-01,0.0003338682782899785,97249.0
AIV,2019-10-02,0.00023518076983955756,112977.0
AIV,2019-10-03,0.00027969267662771724,97864.0
AIV,2019-10-04,0.00025269196841087827,80177.0
AIV,2019-10-07,0.00021256476952170685,113994.0
AIV,2019-10-08,0.0002746469079256213,67155.0
AIV,2019-10-09,0.0002445002942608689,96904.0
AIV,2019-10-10,0.00019126462457139565,51728.0
AIV,2019-10-11,0.0002812915084028534,128293.0
AIV,2019-10-14,0.00030097679404681533,49782.0
AIV,2019-10-15,0.00019041401747196083,96524.0
AIV,2019-10-16,0.00025513069718857196,50222.0
AIV,2019-10-17,0.00020153194942347207,78270.0
AIV,2019-10-18,0.0001961014699782489,60370.0
AIV,2019-10-21,0.0001712821665274557,55437.0
AIV,2019-10-22,0.00017965933871567715,67368.0
AIV,2019-10-23,0.00019499206756267858,77057.0
AIV,2019-10-24,0.0002172758853246879,71651.0
AIV,2019-10-25,0.00018769898124086125,66635.0
AIV,2019-10-28,0.00017764896526646087,70340.0
AIV,2019-10-29,0.00023291149604218086,53778.0
AIV,2019-10-30,0.000221087269371127,75482.0
AIV,2019-10-31,0.00025161854423245717,128456.0
AIZ,2019-10-01,0.00020237187087459625,71241.0
AIZ,2019-10-02,0.000228057650532884,42691.0
AIZ,2019-10-03,0.00028309720931425083,59761.0
AIZ,2019-10-04,0.00023485129551952444,48524.0
AIZ,2019-10-07,0.00021891145009620008,45782.0
AIZ,2019-10-08,0.0002833108256137618,51242.0
AIZ,2019-10-09,0.00024659656326408964,56436.0
AIZ,2019-10-10,0.0002758087038557533,48415.0
AIZ,2019-10-11,0.00022470380967944573,55810.0
AIZ,2019-10-14,0.00014084257202502274,51190.0
AIZ,2019-10-15,0.00019507198652978557,54801.0
AIZ,2019-10-16,0.00018234971228617337,50368.0
AIZ,2019-10-17,0.00019436063999982433,50129.0
AIZ,2019-10-18,0.00019312252989654366,47869.0
AIZ,2019-10-21,0.00023870595723288876,56072.0
AIZ,2019-10-22,0.00017234775605643932,53073.0
AIZ,2019-10-23,0.00020803037730408015,58798.0
AIZ,2019-10-24,0.0003097362910481213,71321.0
AIZ,2019-10-25,0.00019813209134748584,45675.0
AIZ,2019-10-28,0.00016016906006180112,60451.0
AIZ,2019-10-29,0.0001739764828919357,37694.0
AIZ,2019-10-30,0.0001793354551205164,37268.0
AIZ,2019-10-31,0.00017921527177466778,58628.0
AJG,2019-10-01,0.00020979610376613156,106819.0
AJG,2019-10-02,0.00028505963027398155,101683.0
AJG,2019-10-03,0.00025413023528352463,53347.0
AJG,2019-10-04,0.00024091802708961626,87402.0
AJG,2019-10-07,0.00020866504999788143,105434.0
AJG,2019-10-08,0.000265935568853519,131699.0
AJG,2019-10-09,0.00024050744122423038,75716.0
AJG,2019-10-10,0.00024234063448508165,98434.0
AJG,2019-10-11,0.00024388359145081996,79919.0
AJG,2019-10-14,0.00017888284829705678,112657.0
AJG,2019-10-15,0.00019075907125877105,138195.0
AJG,2019-10-16,0.0002142909521131407,86406.0
AJG,2019-10-17,0.00016205338136089585,118129.0
AJG,2019-10-18,0.00022654399160921347,87538.0
AJG,2019-10-21,0.00018218640349220182,106693.0
AJG,2019-10-22,0.00017893588220121016,61895.0
AJG,2019-10-23,0.0001818339863825923,80158.0
AJG,2019-10-24,0.00020364353825214778,150556.0
AJG,2019-10-25,0.0003857265275541711,126565.0
AJG,2019-10-28,0.00022501505314210122,115154.0
AJG,2019-10-29,0.0002486367306159876,125418.0
AJG,2019-10-30,0.00021293104415030225,102314.0
AJG,2019-10-31,0.00020201098163284947,61173.0
AKAM,2019-10-01,0.0002973341758178684,259316.0
AKAM,2019-10-02,0.0002772143886664328,269454.0
AKAM,2019-10-03,0.0003109525460681239,218957.0
AKAM,2019-10-04,0.00021609554895539888,248292.0
AKAM,2019-10-07,0.0002058786565241198,197133.0
AKAM,2019-10-08,0.0003197598981141181,170014.0
AKAM,2019-10-09,0.00022843127812406967,192163.0
AKAM,2019-10-10,0.00021829223985376364,156533.0
AKAM,2019-10-11,0.0002793115987245635,217881.0
AKAM,2019-10-14,0.0002372115554339215,153790.0
AKAM,2019-10-15,0.00022272784428403067,164729.0
AKAM,2019-10-16,0.00021413284731867615,173712.0
AKAM,2019-10-17,0.0002355103291899952,209549.0
AKAM,2019-10-18,0.0002607463767638792,278142.0
AKAM,2019-10-21,0.00020821816870630604,199484.0
AKAM,2019-10-22,0.00024514301449154676,229801.0
AKAM,2019-10-23,0.0001968231036510947,185150.0
AKAM,2019-10-24,0.00023652740343005384,253617.0
AKAM,2019-10-25,0.00020491765635522147,271022.0
AKAM,2019-10-28,0.00024725155167362755,615207.0
AKAM,2019-10-29,0.0008564672337982605,566121.0
AKAM,2019-10-30,0.0003555032794802459,356281.0
AKAM,2019-10-31,0.00023444551124673422,241155.0
ALB,2019-10-01,0.00035932657270169974,175982.0
ALB,2019-10-02,0.0003926132215949745,143812.0
ALB,2019-10-03,0.0004490137722107996,127660.0
ALB,2019-10-04,0.0003204008488879652,97368.0
ALB,2019-10-07,0.00034320337436653575,83906.0
ALB,2019-10-08,0.00041606674262393173,110944.0
ALB,2019-10-09,0.00034949466065816045,126308.0
ALB,2019-10-10,0.000382640079812744,123723.0
ALB,2019-10-11,0.0004233105898683903,180048.0
ALB,2019-10-14,0.0003030587897270347,160814.0
ALB,2019-10-15,0.00026949599273646895,103689.0
ALB,2019-10-16,0.000325473014093947,96113.0
ALB,2019-10-17,0.0003030972538757973,107537.0
ALB,2019-10-18,0.00027746026125357096,111267.0
ALB,2019-10-21,0.0003139928700814049,96668.0
ALB,2019-10-22,0.00036767087054832506,140851.0
ALB,2019-10-23,0.00031608280383134066,108304.0
ALB,2019-10-24,0.00033672835707819157,164292.0
ALB,2019-10-25,0.0007476918205751297,479495.0
ALB,2019-10-28,0.0005244922420861884,245255.0
ALB,2019-10-29,0.00039108690325658765,218063.0
ALB,2019-10-30,0.0004326827520929473,228227.0
ALB,2019-10-31,0.0004491333620540724,246794.0
ALGN,2019-10-01,0.00032308612131358753,228895.0
ALGN,2019-10-02,0.0004011002750518939,192753.0
ALGN,2019-10-03,0.0003522228179298871,139196.0
ALGN,2019-10-04,0.0003125795922207922,165574.0
ALGN,2019-10-07,0.00043463809466043866,162021.0
ALGN,2019-10-08,0.00042824305642072966,162917.0
ALGN,2019-10-09,0.00035231772829165116,206919.0
ALGN,2019-10-10,0.0003573566593693426,147450.0
ALGN,2019-10-11,0.00041788589577496934,299925.0
ALGN,2019-10-14,0.0003787826724881101,186644.0
ALGN,2019-10-15,0.0003326088316089633,185667.0
ALGN,2019-10-16,0.0003139906165276941,144438.0
ALGN,2019-10-17,0.00035496813675680265,157201.0
ALGN,2019-10-18,0.0003823931140542932,198973.0
ALGN,2019-10-21,0.0002962360578975912,240671.0
ALGN,2019-10-22,0.0003508038515417567,209898.0
ALGN,2019-10-23,0.00045700821161698003,226391.0
ALGN,2019-10-24,0.001117413823919156,568393.0
ALGN,2019-10-25,0.00048414273478592044,180022.0
ALGN,2019-10-28,0.0003742262014927409,180237.0
ALGN,2019-10-29,0.00036729479032498547,204157.0
ALGN,2019-10-30,0.00037708066543196345,144590.0
ALGN,2019-10-31,0.0003807328916070226,119997.0
ALK,2019-10-01,0.0003156135323499054,74919.0
ALK,2019-10-02,0.00039382597974442805,113479.0
ALK,2019-10-03,0.0003769554265550466,121500.0
ALK,2019-10-04,0.0002962073820984986,56101.0
ALK,2019-10-07,0.00024993369680959145,60639.0
ALK,2019-10-08,0.00036512005273724597,88059.0
ALK,2019-10-09,0.0003444692333577846,54988.0
ALK,2019-10-10,0.0003853305035582548,60578.0
ALK,2019-10-11,0.0004302284690289405,117376.0
ALK,2019-10-14,0.00027242899258430713,58066.0
ALK,2019-10-15,0.00027989638229756347,90818.0
ALK,2019-10-16,0.0003015050295718413,70056.0
ALK,2019-10-17,0.0002677109998902882,58736.0
ALK,2019-10-18,0.0002758746021787027,72954.0
ALK,2019-10-21,0.00029133909692505506,124962.0
ALK,2019-10-22,0.00028651650731303685,112824.0
ALK,2019-10-23,0.00024434236387281446,60845.0
ALK,2019-10-24,0.00031351922362356504,124405.0
ALK,2019-10-25,0.00045362442194927193,151406.0
ALK,2019-10-28,0.00031814089244894,118724.0
ALK,2019-10-29,0.0002321656931506417,64860.0
ALK,2019-10-30,0.00023071677766207672,78691.0
ALK,2019-10-31,0.00031825376536549456,78808.0
ALL,2019-10-01,0.00023409516806341036,176925.0
ALL,2019-10-02,0.00022689345071720118,144593.0
ALL,2019-10-03,0.0002447997443271917,124235.0
ALL,2019-10-04,0.00023788313958588892,137827.0
ALL,2019-10-07,0.00021749185392941497,108936.0
ALL,2019-10-08,0.00026492502590670316,210694.0
ALL,2019-10-09,0.0001921313815212505,99279.0
ALL,2019-10-10,0.00023029252707309705,161065.0
ALL,2019-10-11,0.0002962111295863801,173582.0
ALL,2019-10-14,0.00021006647050989652,155097.0
ALL,2019-10-15,0.00017144412167412125,153559.0
ALL,2019-10-16,0.0002169766016942908,141437.0
ALL,2019-10-17,0.00017625285551734014,101091.0
ALL,2019-10-18,0.00018466086525443254,174469.0
ALL,2019-10-21,0.0001556849817900129,137411.0
ALL,2019-10-22,0.00025965098688724943,163480.0
ALL,2019-10-23,0.00017997422762878923,92549.0
ALL,2019-10-24,0.00016689741857055997,66458.0
ALL,2019-10-25,0.00022714959956310603,159537.0
ALL,2019-10-28,0.00017631341006206944,191254.0
ALL,2019-10-29,0.00022551026873763832,253059.0
ALL,2019-10-30,0.0003524838032643238,177698.0
ALL,2019-10-31,0.00024294927147839628,113782.0
ALLE,2019-10-01,0.00026037380198290033,86909.0
ALLE,2019-10-02,0.0002965166166802736,52408.0
ALLE,2019-10-03,0.00031685997446953063,77482.0
ALLE,2019-10-04,0.0003080569893531752,93224.0
ALLE,2019-10-07,0.00027251233091397795,40413.0
ALLE,2019-10-08,0.00036331017367908255,127866.0
ALLE,2019-10-09,0.00035382926525189386,76983.0
ALLE,2019-10-10,0.0002752714077160105,103632.0
ALLE,2019-10-11,0.0003157918266946288,89545.0
ALLE,2019-10-14,0.00019397709116737147,70967.0
ALLE,2019-10-15,0.00026049330254048413,129033.0
ALLE,2019-10-16,0.0003226042504716512,53478.0
ALLE,2019-10-17,0.00021800198551707471,78043.0
ALLE,2019-10-18,0.00025443833910710563,82310.0
ALLE,2019-10-21,0.00027161807363829116,61815.0
ALLE,2019-10-22,0.00024367054014098796,94197.0
ALLE,2019-10-23,0.0002471905503298996,103552.0
ALLE,2019-10-24,0.0008855703673063012,207973.0
ALLE,2019-10-25,0.0003966170098621736,114679.0
ALLE,2019-10-28,0.0002713550788996651,110454.0
ALLE,2019-10-29,0.00030768976279063295,133879.0
ALLE,2019-10-30,0.0002843344661349223,76565.0
ALLE,2019-10-31,0.0002438501138951621,73879.0
ALXN,2019-10-01,0.00031603577039136956,237541.0
ALXN,2019-10-02,0.00044515067160595353,225256.0
ALXN,2019-10-03,0.0003923712929472972,193076.0
ALXN,2019-10-04,0.0003996256019783871,233590.0
ALXN,2019-10-07,0.00034939401989632455,227948.0
ALXN,2019-10-08,0.0003924402068635298,231286.0
ALXN,2019-10-09,0.00033203383753276956,268145.0
ALXN,2019-10-10,0.00040244766898530834,226386.0
ALXN,2019-10-11,0.00037507156320087525,180953.0
ALXN,2019-10-14,0.00036080625239391835,270911.0
ALXN,2019-10-15,0.0003170227437688617,261916.0
ALXN,2019-10-16,0.0004197516499411111,304604.0
ALXN,2019-10-17,0.0003363431390264581,260256.0
ALXN,2019-10-18,0.0003317427726943917,309508.0
ALXN,2019-10-21,0.00037146070187330963,235087.0
ALXN,2019-10-22,0.0004208499295422793,323072.0
ALXN,2019-10-23,0.0007089287363741096,457723.0
ALXN,2019-10-24,0.000394429377475393,315172.0
ALXN,2019-10-25,0.00036402081797304184,229370.0
ALXN,2019-10-28,0.00026965128462961744,246199.0
ALXN,2019-10-29,0.0002980164149828922,255222.0
ALXN,2019-10-30,0.0002777112751848699,196288.0
ALXN,2019-10-31,0.00032216497957103773,207260.0
AMAT,2019-10-01,0.000326189767229639,930532.0
AMAT,2019-10-02,0.0003336746831396454,876499.0
AMAT,2019-10-03,0.00037064560640324377,949904.0
AMAT,2019-10-04,0.0002698701356067328,670131.0
AMAT,2019-10-07,0.00024823224249532545,788972.0
AMAT,2019-10-08,0.0004114972623910972,745255.0
AMAT,2019-10-09,0.00029807893058629803,908693.0
AMAT,2019-10-10,0.0003009181933193036,780937.0
AMAT,2019-10-11,0.00034061716967748456,959607.0
AMAT,2019-10-14,0.00019299764309132784,487180.0
AMAT,2019-10-15,0.00023507534073610573,1043134.0
AMAT,2019-10-16,0.00026610279640994667,1047277.0
AMAT,2019-10-17,0.0003290827785048683,657388.0
AMAT,2019-10-18,0.00025175073544255236,944024.0
AMAT,2019-10-21,0.0002053147942488921,708918.0
AMAT,2019-10-22,0.00023161031614256678,717745.0
AMAT,2019-10-23,0.00026303451966283424,1072926.0
AMAT,2019-10-24,0.0004231386319616417,1910733.0
AMAT,2019-10-25,0.0002501335254654487,998046.0
AMAT,2019-10-28,0.0002683385523979141,998200.0
AMAT,2019-10-29,0.00025021159613346715,698477.0
AMAT,2019-10-30,0.00027479208916406653,492961.0
AMAT,2019-10-31,0.000302616440818537,644162.0
AMD,2019-10-01,0.0004391527583659471,3670753.0
AMD,2019-10-02,0.0005106626129027679,4497732.0
AMD,2019-10-03,0.0005742199955625941,5451441.0
AMD,2019-10-04,0.0004006668999208667,3739288.0
AMD,2019-10-07,0.0003911608240140845,3909868.0
AMD,2019-10-08,0.0005113789089522542,4385073.0
AMD,2019-10-09,0.00042097069049002275,3718785.0
AMD,2019-10-10,0.00039200609197573066,4246818.0
AMD,2019-10-11,0.0004447462223127668,6666310.0
AMD,2019-10-14,0.0003502687820028529,4689895.0
AMD,2019-10-15,0.0004036310955109601,4085376.0
AMD,2019-10-16,0.00039997578495419995,3785625.0
AMD,2019-10-17,0.0003343834277611556,3267404.0
AMD,2019-10-18,0.0003348685132313767,4113581.0
AMD,2019-10-21,0.0003724350927583376,5420658.0
AMD,2019-10-22,0.0003573566997081708,3399867.0
AMD,2019-10-23,0.00033184067945153683,2552214.0
AMD,2019-10-24,0.0003669288107662273,3063912.0
AMD,2019-10-25,0.0003651091594733157,4879286.0
AMD,2019-10-28,0.00033047696581926014,4729942.0
AMD,2019-10-29,0.00043108242976115906,5740565.0
AMD,2019-10-30,0.0007648975817852551,6851483.0
AMD,2019-10-31,0.0004419504422579384,6407734.0
AME,2019-10-01,0.0002966343320031973,194939.0
AME,2019-10-02,0.0003129052800558666,193084.0
AME,2019-10-03,0.00026533910981498687,103918.0
AME,2019-10-04,0.0002030971730179676,93667.0
AME,2019-10-07,0.00024261836212718393,87104.0
AME,2019-10-08,0.0003178440889743447,142602.0
AME,2019-10-09,0.0002657744193103791,126261.0
AME,2019-10-10,0.00022335297047554315,63235.0
AME,2019-10-11,0.0003971939217057361,159437.0
AME,2019-10-14,0.0002398391222697798,71322.0
AME,2019-10-15,0.00020203982799621222,94848.0
AME,2019-10-16,0.00023999082703030306,70084.0
AME,2019-10-17,0.0002063664806471351,86885.0
AME,2019-10-18,0.00019964559838725498,152322.0
AME,2019-10-21,0.00023071120736375448,141414.0
AME,2019-10-22,0.0002254803126123573,155543.0
AME,2019-10-23,0.00017469391643845338,107880.0
AME,2019-10-24,0.00019531942943188752,50921.0
AME,2019-10-25,0.0002004423830959497,64329.0
AME,2019-10-28,0.00020266407834561415,157550.0
AME,2019-10-29,0.0002352203028224953,179530.0
AME,2019-10-30,0.00024750991474209916,193534.0
AME,2019-10-31,0.0003991913184503794,193068.0
AMG,2019-10-01,0.0004318767252276483,62736.0
AMG,2019-10-02,0.0004259699543906402,69476.0
AMG,2019-10-03,0.0004465265563359734,89563.0
AMG,2019-10-04,0.00038102550385147216,75972.0
AMG,2019-10-07,0.0003966643024197795,89988.0
AMG,2019-10-08,0.0004505908782537787,77349.0
AMG,2019-10-09,0.00039875345447970995,99614.0
AMG,2019-10-10,0.0004103992178199631,85794.0
AMG,2019-10-11,0.0004855993660024668,87148.0
AMG,2019-10-14,0.0002684959892148205,49706.0
AMG,2019-10-15,0.00033721517984864236,60000.0
AMG,2019-10-16,0.00037906703244271786,83680.0
AMG,2019-10-17,0.0002912979889477697,67669.0
AMG,2019-10-18,0.00030407330750901936,92128.0
AMG,2019-10-21,0.00031497667369196475,76723.0
AMG,2019-10-22,0.000322807412439694,59547.0
AMG,2019-10-23,0.00036058385447408896,57632.0
AMG,2019-10-24,0.0003305342813278898,71178.0
AMG,2019-10-25,0.00033901910059220983,114253.0
AMG,2019-10-28,0.0007372461648099022,137761.0
AMG,2019-10-29,0.00040419115311864833,154743.0
AMG,2019-10-30,0.0003528237338149945,100739.0
AMG,2019-10-31,0.00038415936513822084,64476.0
AMGN,2019-10-01,0.00024061331050651303,338940.0
AMGN,2019-10-02,0.00027891934047206935,431968.0
AMGN,2019-10-03,0.0002681747688285804,360710.0
AMGN,2019-10-04,0.0002058060278671463,404847.0
AMGN,2019-10-07,0.00021269324753506557,364601.0
AMGN,2019-10-08,0.0002865551701161556,392589.0
AMGN,2019-10-09,0.0002404648392101078,278725.0
AMGN,2019-10-10,0.0002291355690977194,247380.0
AMGN,2019-10-11,0.0002701127770594473,384340.0
AMGN,2019-10-14,0.00017565262406075096,329555.0
AMGN,2019-10-15,0.00018272859411530578,254681.0
AMGN,2019-10-16,0.0001860108798210658,305353.0
AMGN,2019-10-17,0.00022130051825701137,244825.0
AMGN,2019-10-18,0.000246547500100898,325709.0
AMGN,2019-10-21,0.00018825274501645188,255241.0
AMGN,2019-10-22,0.00023528696455385245,408298.0
AMGN,2019-10-23,0.00019127550008777726,243100.0
AMGN,2019-10-24,0.00018361484811280069,288885.0
AMGN,2019-10-25,0.00015632575423841754,238918.0
AMGN,2019-10-28,0.00017628076589360368,319960.0
AMGN,2019-10-29,0.00030091345746364784,539553.0
AMGN,2019-10-30,0.00042169580546846507,392569.0
AMGN,2019-10-31,0.0002538118251352082,420122.0
AMP,2019-10-01,0.0003703009316995822,190792.0
AMP,2019-10-02,0.00036157819055169084,175309.0
AMP,2019-10-03,0.00038424157099758825,138938.0
AMP,2019-10-04,0.00028222762017077375,126602.0
AMP,2019-10-07,0.0003098418187854822,101787.0
AMP,2019-10-08,0.00040489646202559364,222151.0
AMP,2019-10-09,0.00029700792371487587,120159.0
AMP,2019-10-10,0.0002944074748590558,85436.0
AMP,2019-10-11,0.00035512353307217174,131334.0
AMP,2019-10-14,0.00022269328476471687,92167.0
AMP,2019-10-15,0.00021841540570266264,93227.0
AMP,2019-10-16,0.00022030717851946605,91757.0
AMP,2019-10-17,0.0002177187173729462,81457.0
AMP,2019-10-18,0.0002108940702442362,120587.0
AMP,2019-10-21,0.00020326837239877338,96415.0
AMP,2019-10-22,0.0002513258750213904,127807.0
AMP,2019-10-23,0.00022367454264083102,108890.0
AMP,2019-10-24,0.0004506707378274931,155117.0
AMP,2019-10-25,0.0002808168253626306,66834.0
AMP,2019-10-28,0.0002311720948725816,61138.0
AMP,2019-10-29,0.00020437181421083898,70816.0
AMP,2019-10-30,0.0002679936781560635,83563.0
AMP,2019-10-31,0.00026127826649555884,85435.0
AMT,2019-10-01,0.0002721195399471134,143540.0
AMT,2019-10-02,0.0002279051322282865,140110.0
AMT,2019-10-03,0.000296320883289425,158911.0
AMT,2019-10-04,0.00023149941897709193,116607.0
AMT,2019-10-07,0.00021729014786331185,68360.0
AMT,2019-10-08,0.00026276374673636876,215412.0
AMT,2019-10-09,0.00021049224426969047,110326.0
AMT,2019-10-10,0.00023595331885289632,176548.0
AMT,2019-10-11,0.0002445176641319587,123787.0
AMT,2019-10-14,0.00016824773790413062,71154.0
AMT,2019-10-15,0.00018866615026822583,102257.0
AMT,2019-10-16,0.00024104917627871175,114520.0
AMT,2019-10-17,0.00018777500622263604,138223.0
AMT,2019-10-18,0.0002577734321549334,134688.0
AMT,2019-10-21,0.00020859209354384662,117237.0
AMT,2019-10-22,0.0002243449145281369,154372.0
AMT,2019-10-23,0.00019474696154824425,101828.0
AMT,2019-10-24,0.00023789258464528161,105781.0
AMT,2019-10-25,0.0003460152631299358,175491.0
AMT,2019-10-28,0.0002979114572258306,299429.0
AMT,2019-10-29,0.0002734594791776589,208016.0
AMT,2019-10-30,0.00022786787057622383,238853.0
AMT,2019-10-31,0.00042783273685633794,143896.0
AMZN,2019-10-01,0.00021897836822968626,345074.0
AMZN,2019-10-02,0.0002204987050766934,393172.0
AMZN,2019-10-03,0.0002731775428532143,384796.0
AMZN,2019-10-04,0.00017993428480986187,289555.0
AMZN,2019-10-07,0.00018257327625758235,257099.0
AMZN,2019-10-08,0.00025320497578782943,301736.0
AMZN,2019-10-09,0.00017292303910122455,258827.0
AMZN,2019-10-10,0.00018901128648996985,309065.0
AMZN,2019-10-11,0.00019838880966422146,352724.0
AMZN,2019-10-14,0.00012544399658191073,224939.0
AMZN,2019-10-15,0.000128955279508413,352000.0
AMZN,2019-10-16,0.00015592731143200552,273159.0
AMZN,2019-10-17,0.00015981006280432305,279320.0
AMZN,2019-10-18,0.0001671812950141848,336011.0
AMZN,2019-10-21,0.00013898295210720043,248380.0
AMZN,2019-10-22,0.0001666545844302968,272533.0
AMZN,2019-10-23,0.0001955410411488857,249503.0
AMZN,2019-10-24,0.00016416753999425827,317982.0
AMZN,2019-10-25,0.0003138059631967513,799919.0
AMZN,2019-10-28,0.00017884284028763507,395413.0
AMZN,2019-10-29,0.00015831592385765202,264129.0
AMZN,2019-10-30,0.00017490242142778584,292826.0
AMZN,2019-10-31,0.00017285393697382445,322761.0
ANET,2019-10-01,0.0002980947398386522,113225.0
ANET,2019-10-02,0.0005144671376018385,57906.0
ANET,2019-10-03,0.00045886086424715546,96991.0
ANET,2019-10-04,0.0003383491522452111,42334.0
ANET,2019-10-07,0.0003165687634994338,39779.0
ANET,2019-10-08,0.0004377584099573769,58524.0
ANET,2019-10-09,0.0003849336696268088,37650.0
ANET,2019-10-10,0.00040310811367099233,89290.0
ANET,2019-10-11,0.0004465338909100598,60875.0
ANET,2019-10-14,0.0003001991734359765,36416.0
ANET,2019-10-15,0.00029912147395389334,59570.0
ANET,2019-10-16,0.00037076840885822803,49423.0
ANET,2019-10-17,0.000329709449997568,52347.0
ANET,2019-10-18,0.00027680953735553755,29868.0
ANET,2019-10-21,0.00027660812526340004,34646.0
ANET,2019-10-22,0.00043939681092563816,39017.0
ANET,2019-10-23,0.00025677512148026676,32080.0
ANET,2019-10-24,0.0004720741476403717,54335.0
ANET,2019-10-25,0.0003655469552051169,47535.0
ANET,2019-10-28,0.000346107266438975,55963.0
ANET,2019-10-29,0.0002959555367535074,42830.0
ANET,2019-10-30,0.00033875526038038435,36352.0
ANET,2019-10-31,0.0003135321364931875,88002.0
ANSS,2019-10-01,0.0002472167966964393,115563.0
ANSS,2019-10-02,0.00027001445847460806,65525.0
ANSS,2019-10-03,0.00036250472767068167,66474.0
ANSS,2019-10-04,0.00028526308562010894,71146.0
ANSS,2019-10-07,0.00026540753549501265,71937.0
ANSS,2019-10-08,0.00039411679119393065,54932.0
ANSS,2019-10-09,0.00024710457603373503,55097.0
ANSS,2019-10-10,0.0002528034060904769,42752.0
ANSS,2019-10-11,0.0003146284951680997,61138.0
ANSS,2019-10-14,0.00019996674777918082,48202.0
ANSS,2019-10-15,0.0002811806941407741,57399.0
ANSS,2019-10-16,0.0002580381388769336,66323.0
ANSS,2019-10-17,0.0002461879867527634,49095.0
ANSS,2019-10-18,0.0002451873279701044,73405.0
ANSS,2019-10-21,0.00023530629522180256,47981.0
ANSS,2019-10-22,0.0002571408478902123,119420.0
ANSS,2019-10-23,0.00021986854586614657,57862.0
ANSS,2019-10-24,0.00025967059742551963,55830.0
ANSS,2019-10-25,0.00021551036765532632,54665.0
ANSS,2019-10-28,0.0002360670187031427,70490.0
ANSS,2019-10-29,0.0002168933943267656,56746.0
ANSS,2019-10-30,0.00023840625892904312,63971.0
ANSS,2019-10-31,0.00024824653703746846,57760.0
ANTM,2019-10-01,0.00030094665254541366,156868.0
ANTM,2019-10-02,0.0002682327254402167,143605.0
ANTM,2019-10-03,0.00030987421196449616,182842.0
ANTM,2019-10-04,0.0002389344811776916,90979.0
ANTM,2019-10-07,0.00024041647452803874,117407.0
ANTM,2019-10-08,0.0003023343990619912,218600.0
ANTM,2019-10-09,0.00024440793670813145,123238.0
ANTM,2019-10-10,0.00026813279352791707,113374.0
ANTM,2019-10-11,0.000341139423269215,173447.0
ANTM,2019-10-14,0.0002408139295677396,121654.0
ANTM,2019-10-15,0.0004696637807560811,335939.0
ANTM,2019-10-16,0.0003787861182690242,173903.0
ANTM,2019-10-17,0.00023948848013952815,134933.0
ANTM,2019-10-18,0.00032090495666693236,161000.0
ANTM,2019-10-21,0.00025691644589812977,212008.0
ANTM,2019-10-22,0.0004026698429650243,265604.0
ANTM,2019-10-23,0.001128189633757805,248810.0
ANTM,2019-10-24,0.00028126257848590307,184982.0
ANTM,2019-10-25,0.00026746518749549145,169608.0
ANTM,2019-10-28,0.0002715585867792452,151537.0
ANTM,2019-10-29,0.0003333080767631874,185494.0
ANTM,2019-10-30,0.00028019913222316516,104530.0
ANTM,2019-10-31,0.0003356837038303451,204803.0
AON,2019-10-01,0.00023389319932935998,62571.0
AON,2019-10-02,0.00028760631159801766,80943.0
AON,2019-10-03,0.0002820865650807823,92582.0
AON,2019-10-04,0.00021522868823457285,57411.0
AON,2019-10-07,0.00019283925495747436,32972.0
AON,2019-10-08,0.00028060457574666464,113849.0
AON,2019-10-09,0.0003094898739507598,46189.0
AON,2019-10-10,0.00023664744859514268,81365.0
AON,2019-10-11,0.0003463302144244497,43138.0
AON,2019-10-14,0.0001599745119834651,45652.0
AON,2019-10-15,0.00016243662434647568,75311.0
AON,2019-10-16,0.00022526982987275694,66532.0
AON,2019-10-17,0.00017164537234817177,71942.0
AON,2019-10-18,0.0001805454959473943,72930.0
AON,2019-10-21,0.00016442809369466581,49609.0
AON,2019-10-22,0.00019792435275688055,75325.0
AON,2019-10-23,0.00018976470130673857,89751.0
AON,2019-10-24,0.0002009308904886553,114888.0
AON,2019-10-25,0.00043084351094308486,89640.0
AON,2019-10-28,0.00018011275516383314,89136.0
AON,2019-10-29,0.0003680146425580399,160107.0
AON,2019-10-30,0.00025323870733779725,108963.0
AON,2019-10-31,0.00020681659226591466,91987.0
AOS,2019-10-01,0.00036214872561356887,85447.0
AOS,2019-10-02,0.0003637958665277276,227926.0
AOS,2019-10-03,0.0003444011930778886,180741.0
AOS,2019-10-04,0.0002887366046505744,189033.0
AOS,2019-10-07,0.00031521500757145034,148369.0
AOS,2019-10-08,0.0003370612545085069,163710.0
AOS,2019-10-09,0.000306068375861949,150315.0
AOS,2019-10-10,0.0003176784344373299,118863.0
AOS,2019-10-11,0.0003852345652015929,135587.0
AOS,2019-10-14,0.00030080331011409915,105391.0
AOS,2019-10-15,0.0002717923826084172,104837.0
AOS,2019-10-16,0.0002972911614254181,146940.0
AOS,2019-10-17,0.000283209920652055,101310.0
AOS,2019-10-18,0.0002494917351226192,146143.0
AOS,2019-10-21,0.00029624104323703297,153255.0
AOS,2019-10-22,0.00024218696608191057,164228.0
AOS,2019-10-23,0.00027923713711205516,137168.0
AOS,2019-10-24,0.00023859744800950325,76541.0
AOS,2019-10-25,0.0002918676195657344,129566.0
AOS,2019-10-28,0.0002627668222247928,237971.0
AOS,2019-10-29,0.0008290303312090786,340341.0
AOS,2019-10-30,0.000477884022481804,202208.0
AOS,2019-10-31,0.0003025532559269539,129172.0
APA,2019-10-01,0.00048407098078353226,410047.0
APA,2019-10-02,0.0005542964521290368,465511.0
APA,2019-10-03,0.0006363732688439669,652808.0
APA,2019-10-04,0.0006140623615091262,635964.0
APA,2019-10-07,0.0006093322153005809,548934.0
APA,2019-10-08,0.0006148094050335472,629009.0
APA,2019-10-09,0.000561767711717468,461497.0
APA,2019-10-10,0.0005230374714110382,380999.0
APA,2019-10-11,0.000527946670414201,585389.0
APA,2019-10-14,0.0006122611290229155,699481.0
APA,2019-10-15,0.0004967485673176623,480859.0
APA,2019-10-16,0.0005556901363278774,554384.0
APA,2019-10-17,0.0004797560182167867,414463.0
APA,2019-10-18,0.0006622349684586228,779240.0
APA,2019-10-21,0.0004901792910560227,437154.0
APA,2019-10-22,0.0005133627859025907,462158.0
APA,2019-10-23,0.0005257508150713174,321599.0
APA,2019-10-24,0.0005404643659116725,323265.0
APA,2019-10-25,0.0012297983681429188,989215.0
APA,2019-10-28,0.00046268889999875976,552123.0
APA,2019-10-29,0.00054740904825255,472658.0
APA,2019-10-30,0.000601917927182425,439389.0
APA,2019-10-31,0.0011279112910978616,592736.0
APD,2019-10-01,0.00023307478230945896,55243.0
APD,2019-10-02,0.00032474937665840216,118634.0
APD,2019-10-03,0.00033480318724924096,74292.0
APD,2019-10-04,0.00024940611346459463,64092.0
APD,2019-10-07,0.00025274701338041667,63591.0
APD,2019-10-08,0.0003047698396408446,97480.0
APD,2019-10-09,0.00023613508697179096,64655.0
APD,2019-10-10,0.000282296071253052,79959.0
APD,2019-10-11,0.00030017463680843693,70298.0
APD,2019-10-14,0.00020125955960418755,44011.0
APD,2019-10-15,0.00019003981079973118,81895.0
APD,2019-10-16,0.00020585562059046206,45069.0
APD,2019-10-17,0.00022401926246627733,46199.0
APD,2019-10-18,0.0002181006174062362,35749.0
APD,2019-10-21,0.00018456170032255927,62032.0
APD,2019-10-22,0.0003227657308077922,102821.0
APD,2019-10-23,0.00025972592002981377,86329.0
APD,2019-10-24,0.0002507516607478591,52879.0
APD,2019-10-25,0.00018788662283448278,46179.0
APD,2019-10-28,0.00020958886943267538,69928.0
APD,2019-10-29,0.00030012236948725145,103980.0
APD,2019-10-30,0.000251517677519328,55269.0
APD,2019-10-31,0.00023621216460964291,69808.0
APH,2019-10-01,0.00024105124854188487,126678.0
APH,2019-10-02,0.00027223807109783005,149775.0
APH,2019-10-03,0.0002955613154389926,65238.0
APH,2019-10-04,0.0002082990475814039,80289.0
APH,2019-10-07,0.000214170750476275,86406.0
APH,2019-10-08,0.00032216047634336747,106552.0
APH,2019-10-09,0.00024441772444769647,103058.0
APH,2019-10-10,0.00022235709114385788,116260.0
APH,2019-10-11,0.00026337233002361006,121416.0
APH,2019-10-14,0.00015284240501091547,125806.0
APH,2019-10-15,0.00018248798797746156,151100.0
APH,2019-10-16,0.0001748536345693332,104402.0
APH,2019-10-17,0.00021590841441805435,94316.0
APH,2019-10-18,0.00021343653612558328,107358.0
APH,2019-10-21,0.0002089571703292298,150763.0
APH,2019-10-22,0.00018723242860891882,186949.0
APH,2019-10-23,0.00046446158853041196,203807.0
APH,2019-10-24,0.00025230001469668837,130929.0
APH,2019-10-25,0.00021736730337441217,212955.0
APH,2019-10-28,0.00020433617222872936,135746.0
APH,2019-10-29,0.00022243900883361724,107766.0
APH,2019-10-30,0.0002615517586534886,92275.0
APH,2019-10-31,0.00019670091111997407,98094.0
APTV,2019-10-01,0.0004104052373846602,119181.0
APTV,2019-10-02,0.0004821944073550576,240665.0
APTV,2019-10-03,0.00047484077448793833,119915.0
APTV,2019-10-04,0.00038177792467918465,163931.0
APTV,2019-10-07,0.0004094470554269837,86860.0
APTV,2019-10-08,0.0005097123769622476,147526.0
APTV,2019-10-09,0.00043672269748013307,97368.0
APTV,2019-10-10,0.00040944920050914405,82872.0
APTV,2019-10-11,0.0004867041616268628,94630.0
APTV,2019-10-14,0.0002899847949284056,105094.0
APTV,2019-10-15,0.00029451665443053373,123648.0
APTV,2019-10-16,0.0004688204438466933,110770.0
APTV,2019-10-17,0.00037233267991920564,101228.0
APTV,2019-10-18,0.0002603880923432655,102606.0
APTV,2019-10-21,0.0003962280588787751,75924.0
APTV,2019-10-22,0.00041943545077151377,86388.0
APTV,2019-10-23,0.0003043601605527176,85123.0
APTV,2019-10-24,0.0003832359436767375,47436.0
APTV,2019-10-25,0.0005493512612214992,56094.0
APTV,2019-10-28,0.0004131231409668118,62194.0
APTV,2019-10-29,0.0003386694001760373,148393.0
APTV,2019-10-30,0.0006649652650603191,206190.0
APTV,2019-10-31,0.0004118032715657118,159394.0
ARE,2019-10-01,0.0002753905778534697,38654.0
ARE,2019-10-02,0.00020381853909939396,56106.0
ARE,2019-10-03,0.00024291189750079634,39995.0
ARE,2019-10-04,0.00019852740445556362,76437.0
ARE,2019-10-07,0.00024080304505039806,33932.0
ARE,2019-10-08,0.00023773516276230527,52244.0
ARE,2019-10-09,0.00021294412390576194,30950.0
ARE,2019-10-10,0.00016919303093840051,41256.0
ARE,2019-10-11,0.00022197318177125472,39616.0
ARE,2019-10-14,0.0001627604193307421,34946.0
ARE,2019-10-15,0.00023493314108434044,77760.0
ARE,2019-10-16,0.00020798703293052395,62234.0
ARE,2019-10-17,0.00020091444841839842,41976.0
ARE,2019-10-18,0.00017949286735330388,33060.0
ARE,2019-10-21,0.00016166245043871782,46642.0
ARE,2019-10-22,0.00019604606345849571,51358.0
ARE,2019-10-23,0.00016992983834700163,37397.0
ARE,2019-10-24,0.0001708145637134197,32141.0
ARE,2019-10-25,0.00020698987575250475,35301.0
ARE,2019-10-28,0.00019176823509966696,97760.0
ARE,2019-10-29,0.00031240941818607294,66000.0
ARE,2019-10-30,0.00025916315737471767,93531.0
ARE,2019-10-31,0.0002431581151009229,104156.0
