stock,date,ADV,sigma,lambda_hat,half_life_seconds,beta,c,target_participation,target_abs_volume,raw_abs_volume,actual_abs_volume,net_traded,scale_factor,normalize_abs_volume,apply_terminal_condition,strategy,model_type,alpha_key
AAL,2019-02-01,1236722.3333333333,0.000528342622418,0.7706080899853757,300.0,0.0023104906018664843,0.5,0.2,247344.46666666667,44217976.69037026,247344.4666666667,3127.2011886506707,0.005593753608371979,True,True,non_rolling_afs_day_only,afs,intraday_only
AAL,2019-02-04,1236722.3333333333,0.000528342622418,0.7706080899853757,300.0,0.0023104906018664843,0.5,0.2,247344.46666666667,30831269.770278856,247344.46666666667,-18.162103176844482,0.008022519620813838,True,True,non_rolling_afs_day_only,afs,intraday_only
AAL,2019-02-05,1236722.3333333333,0.000528342622418,0.7706080899853757,300.0,0.0023104906018664843,0.5,0.2,247344.46666666667,29944045.445746906,247344.46666666665,-159.81654889055778,0.008260222123787825,True,True,non_rolling_afs_day_only,afs,intraday_only
AAL,2019-02-06,1236722.3333333333,0.000528342622418,0.7706080899853757,300.0,0.0023104906018664843,0.5,0.2,247344.46666666667,36468771.84632625,247344.46666666667,-1989.2993890023058,0.006782363489204899,True,True,non_rolling_afs_day_only,afs,intraday_only
AAL,2019-02-07,1236722.3333333333,0.000528342622418,0.7706080899853757,300.0,0.0023104906018664843,0.5,0.2,247344.46666666667,34102191.18176201,247344.4666666667,1981.2280887821314,0.00725303735904652,True,True,non_rolling_afs_day_only,afs,intraday_only
AAL,2019-02-08,1236722.3333333333,0.000528342622418,0.7706080899853757,300.0,0.0023104906018664843,0.5,0.2,247344.46666666667,36835430.45980227,247344.46666666665,-725.4200111163832,0.00671485207527542,True,True,non_rolling_afs_day_only,afs,intraday_only
AAL,2019-02-11,1236722.3333333333,0.000528342622418,0.7706080899853757,300.0,0.0023104906018664843,0.5,0.2,247344.46666666667,53000766.31317575,247344.46666666665,-4704.808987296956,0.00466680925338202,True,True,non_rolling_afs_day_only,afs,intraday_only
AAL,2019-02-12,1236722.3333333333,0.000528342622418,0.7706080899853757,300.0,0.0023104906018664843,0.5,0.2,247344.46666666667,46278311.62302435,247344.4666666667,-4228.78988085679,0.005344716736459505,True,True,non_rolling_afs_day_only,afs,intraday_only
AAL,2019-02-13,1236722.3333333333,0.000528342622418,0.7706080899853757,300.0,0.0023104906018664843,0.5,0.2,247344.46666666667,37048013.09657069,247344.46666666667,2164.95673309106,0.006676322047876889,True,True,non_rolling_afs_day_only,afs,intraday_only
AAL,2019-02-14,1236722.3333333333,0.000528342622418,0.7706080899853757,300.0,0.0023104906018664843,0.5,0.2,247344.46666666667,39496402.2397608,247344.46666666673,2678.278615688898,0.006262455632418753,True,True,non_rolling_afs_day_only,afs,intraday_only
AAL,2019-02-15,1236722.3333333333,0.000528342622418,0.7706080899853757,300.0,0.0023104906018664843,0.5,0.2,247344.46666666667,42305759.92964719,247344.46666666667,3338.169413409797,0.005846590797044912,True,True,non_rolling_afs_day_only,afs,intraday_only
AAL,2019-02-19,1236722.3333333333,0.000528342622418,0.7706080899853757,300.0,0.0023104906018664843,0.5,0.2,247344.46666666667,39346238.713743344,247344.46666666667,2744.1117383489845,0.006286356072461664,True,True,non_rolling_afs_day_only,afs,intraday_only
AAL,2019-02-20,1236722.3333333333,0.000528342622418,0.7706080899853757,300.0,0.0023104906018664843,0.5,0.2,247344.46666666667,56369587.59682383,247344.46666666667,-4693.483556011222,0.004387906266687029,True,True,non_rolling_afs_day_only,afs,intraday_only
AAL,2019-02-21,1236722.3333333333,0.000528342622418,0.7706080899853757,300.0,0.0023104906018664843,0.5,0.2,247344.46666666667,35570900.477129914,247344.46666666667,1242.894193303312,0.006953562135029312,True,True,non_rolling_afs_day_only,afs,intraday_only
AAL,2019-02-22,1236722.3333333333,0.000528342622418,0.7706080899853757,300.0,0.0023104906018664843,0.5,0.2,247344.46666666667,38308659.01159308,247344.46666666667,2887.01153718744,0.006456620332019832,True,True,non_rolling_afs_day_only,afs,intraday_only
AAL,2019-02-25,1236722.3333333333,0.000528342622418,0.7706080899853757,300.0,0.0023104906018664843,0.5,0.2,247344.46666666667,32535363.73664479,247344.46666666665,-1504.0172213181977,0.007602326768767026,True,True,non_rolling_afs_day_only,afs,intraday_only
AAL,2019-02-26,1236722.3333333333,0.000528342622418,0.7706080899853757,300.0,0.0023104906018664843,0.5,0.2,247344.46666666667,59560623.69161679,247344.46666666665,5205.920413091522,0.004152818612970311,True,True,non_rolling_afs_day_only,afs,intraday_only
AAL,2019-02-27,1236722.3333333333,0.000528342622418,0.7706080899853757,300.0,0.0023104906018664843,0.5,0.2,247344.46666666667,38759570.440638855,247344.46666666667,-2436.0059390881142,0.006381506911834336,True,True,non_rolling_afs_day_only,afs,intraday_only
AAL,2019-02-28,1236722.3333333333,0.000528342622418,0.7706080899853757,300.0,0.0023104906018664843,0.5,0.2,247344.46666666667,61865991.55796963,247344.46666666662,4739.651295630484,0.0039980684126738695,True,True,non_rolling_afs_day_only,afs,intraday_only
AAPL,2019-02-01,2968462.8095238097,0.0002876491912289,0.8283132593985968,300.0,0.0023104906018664843,0.5,0.2,593692.5619047619,57544352.844563216,593692.5619047619,-9723.25299959744,0.010317129875600885,True,True,non_rolling_afs_day_only,afs,intraday_only
AAPL,2019-02-04,2968462.8095238097,0.0002876491912289,0.8283132593985968,300.0,0.0023104906018664843,0.5,0.2,593692.5619047619,34057682.81771067,593692.5619047619,878.2363349472923,0.01743197166649371,True,True,non_rolling_afs_day_only,afs,intraday_only
AAPL,2019-02-05,2968462.8095238097,0.0002876491912289,0.8283132593985968,300.0,0.0023104906018664843,0.5,0.2,593692.5619047619,33900951.900796644,593692.5619047619,-2313.0618493274837,0.017512563176457906,True,True,non_rolling_afs_day_only,afs,intraday_only
AAPL,2019-02-06,2968462.8095238097,0.0002876491912289,0.8283132593985968,300.0,0.0023104906018664843,0.5,0.2,593692.5619047619,41384201.539761096,593692.5619047619,-295.3450881256458,0.01434587450803791,True,True,non_rolling_afs_day_only,afs,intraday_only
AAPL,2019-02-07,2968462.8095238097,0.0002876491912289,0.8283132593985968,300.0,0.0023104906018664843,0.5,0.2,593692.5619047619,39398604.24277491,593692.5619047619,-1037.4144670630253,0.01506887295413862,True,True,non_rolling_afs_day_only,afs,intraday_only
AAPL,2019-02-08,2968462.8095238097,0.0002876491912289,0.8283132593985968,300.0,0.0023104906018664843,0.5,0.2,593692.5619047619,42218125.00914979,593692.5619047619,5901.081093009229,0.014062504239022765,True,True,non_rolling_afs_day_only,afs,intraday_only
AAPL,2019-02-11,2968462.8095238097,0.0002876491912289,0.8283132593985968,300.0,0.0023104906018664843,0.5,0.2,593692.5619047619,50343438.25152974,593692.5619047619,-9033.019558705419,0.011792848929755448,True,True,non_rolling_afs_day_only,afs,intraday_only
AAPL,2019-02-12,2968462.8095238097,0.0002876491912289,0.8283132593985968,300.0,0.0023104906018664843,0.5,0.2,593692.5619047619,51259558.10449655,593692.5619047619,10196.368605607346,0.011582085056107467,True,True,non_rolling_afs_day_only,afs,intraday_only
AAPL,2019-02-13,2968462.8095238097,0.0002876491912289,0.8283132593985968,300.0,0.0023104906018664843,0.5,0.2,593692.5619047619,47914230.62698953,593692.5619047618,-9476.268590329051,0.012390735573459084,True,True,non_rolling_afs_day_only,afs,intraday_only
AAPL,2019-02-14,2968462.8095238097,0.0002876491912289,0.8283132593985968,300.0,0.0023104906018664843,0.5,0.2,593692.5619047619,56535010.54466837,593692.5619047619,10658.82573670841,0.010501325748151843,True,True,non_rolling_afs_day_only,afs,intraday_only
AAPL,2019-02-15,2968462.8095238097,0.0002876491912289,0.8283132593985968,300.0,0.0023104906018664843,0.5,0.2,593692.5619047619,38734942.451644376,593692.5619047619,-535.7911968521394,0.015327054187466813,True,True,non_rolling_afs_day_only,afs,intraday_only
AAPL,2019-02-19,2968462.8095238097,0.0002876491912289,0.8283132593985968,300.0,0.0023104906018664843,0.5,0.2,593692.5619047619,37489197.42683838,593692.5619047619,2456.3846942356695,0.015836363610167326,True,True,non_rolling_afs_day_only,afs,intraday_only
AAPL,2019-02-20,2968462.8095238097,0.0002876491912289,0.8283132593985968,300.0,0.0023104906018664843,0.5,0.2,593692.5619047619,39199778.499399796,593692.5619047617,-4603.703243187534,0.015145303994864466,True,True,non_rolling_afs_day_only,afs,intraday_only
AAPL,2019-02-21,2968462.8095238097,0.0002876491912289,0.8283132593985968,300.0,0.0023104906018664843,0.5,0.2,593692.5619047619,45124238.77327335,593692.5619047619,-385.89756391145966,0.013156843817083964,True,True,non_rolling_afs_day_only,afs,intraday_only
AAPL,2019-02-22,2968462.8095238097,0.0002876491912289,0.8283132593985968,300.0,0.0023104906018664843,0.5,0.2,593692.5619047619,55657991.769470796,593692.561904762,10783.142591159647,0.010666798118835663,True,True,non_rolling_afs_day_only,afs,intraday_only
AAPL,2019-02-25,2968462.8095238097,0.0002876491912289,0.8283132593985968,300.0,0.0023104906018664843,0.5,0.2,593692.5619047619,38599047.62082605,593692.5619047619,-902.2043109175424,0.015381015815126903,True,True,non_rolling_afs_day_only,afs,intraday_only
AAPL,2019-02-26,2968462.8095238097,0.0002876491912289,0.8283132593985968,300.0,0.0023104906018664843,0.5,0.2,593692.5619047619,33345694.326508585,593692.5619047619,-1290.5305047307327,0.017804174538743927,True,True,non_rolling_afs_day_only,afs,intraday_only
AAPL,2019-02-27,2968462.8095238097,0.0002876491912289,0.8283132593985968,300.0,0.0023104906018664843,0.5,0.2,593692.5619047619,35079280.373156294,593692.5619047619,-2477.7053458380033,0.016924308468969425,True,True,non_rolling_afs_day_only,afs,intraday_only
AAPL,2019-02-28,2968462.8095238097,0.0002876491912289,0.8283132593985968,300.0,0.0023104906018664843,0.5,0.2,593692.5619047619,39057670.713378556,593692.5619047619,-5448.159408304882,0.015200408807312783,True,True,non_rolling_afs_day_only,afs,intraday_only
ABBV,2019-02-01,476343.1904761905,0.000342149361792,0.5403372629070888,300.0,0.0023104906018664843,0.5,0.2,95268.6380952381,32972499.953486748,95268.6380952381,-1231.2818282781661,0.0028893362113770727,True,True,non_rolling_afs_day_only,afs,intraday_only
ABBV,2019-02-04,476343.1904761905,0.000342149361792,0.5403372629070888,300.0,0.0023104906018664843,0.5,0.2,95268.6380952381,26512586.2984998,95268.6380952381,-92.96429643791677,0.0035933362751799443,True,True,non_rolling_afs_day_only,afs,intraday_only
ABBV,2019-02-05,476343.1904761905,0.000342149361792,0.5403372629070888,300.0,0.0023104906018664843,0.5,0.2,95268.6380952381,37634192.28300593,95268.6380952381,1639.7344411691254,0.0025314383627214857,True,True,non_rolling_afs_day_only,afs,intraday_only
ABBV,2019-02-06,476343.1904761905,0.000342149361792,0.5403372629070888,300.0,0.0023104906018664843,0.5,0.2,95268.6380952381,35430381.8818026,95268.6380952381,1309.0220297672058,0.002688896733121836,True,True,non_rolling_afs_day_only,afs,intraday_only
ABBV,2019-02-07,476343.1904761905,0.000342149361792,0.5403372629070888,300.0,0.0023104906018664843,0.5,0.2,95268.6380952381,26714014.717570767,95268.6380952381,389.82019276004655,0.003566241880992021,True,True,non_rolling_afs_day_only,afs,intraday_only
ABBV,2019-02-08,476343.1904761905,0.000342149361792,0.5403372629070888,300.0,0.0023104906018664843,0.5,0.2,95268.6380952381,32848926.979310922,95268.6380952381,-1234.0040130273424,0.002900205481757157,True,True,non_rolling_afs_day_only,afs,intraday_only
ABBV,2019-02-11,476343.1904761905,0.000342149361792,0.5403372629070888,300.0,0.0023104906018664843,0.5,0.2,95268.6380952381,26128904.954065364,95268.6380952381,-644.4607256059362,0.0036461014444623854,True,True,non_rolling_afs_day_only,afs,intraday_only
ABBV,2019-02-12,476343.1904761905,0.000342149361792,0.5403372629070888,300.0,0.0023104906018664843,0.5,0.2,95268.6380952381,32969022.086214967,95268.6380952381,-1389.5159787537286,0.002889641004398244,True,True,non_rolling_afs_day_only,afs,intraday_only
ABBV,2019-02-13,476343.1904761905,0.000342149361792,0.5403372629070888,300.0,0.0023104906018664843,0.5,0.2,95268.6380952381,26318130.723438103,95268.63809523809,-719.0528596070628,0.0036198861954278095,True,True,non_rolling_afs_day_only,afs,intraday_only
ABBV,2019-02-14,476343.1904761905,0.000342149361792,0.5403372629070888,300.0,0.0023104906018664843,0.5,0.2,95268.6380952381,24064395.52419281,95268.6380952381,170.33017836055876,0.003958904265825463,True,True,non_rolling_afs_day_only,afs,intraday_only
ABBV,2019-02-15,476343.1904761905,0.000342149361792,0.5403372629070888,300.0,0.0023104906018664843,0.5,0.2,95268.6380952381,39048746.13041438,95268.6380952381,-1630.3989130521302,0.0024397361640515016,True,True,non_rolling_afs_day_only,afs,intraday_only
ABBV,2019-02-19,476343.1904761905,0.000342149361792,0.5403372629070888,300.0,0.0023104906018664843,0.5,0.2,95268.6380952381,28972407.299329966,95268.6380952381,789.7053162141297,0.0032882541347346497,True,True,non_rolling_afs_day_only,afs,intraday_only
ABBV,2019-02-20,476343.1904761905,0.000342149361792,0.5403372629070888,300.0,0.0023104906018664843,0.5,0.2,95268.6380952381,27104174.319728233,95268.63809523809,-96.48789927011433,0.003514906485304561,True,True,non_rolling_afs_day_only,afs,intraday_only
ABBV,2019-02-21,476343.1904761905,0.000342149361792,0.5403372629070888,300.0,0.0023104906018664843,0.5,0.2,95268.6380952381,26359529.995172255,95268.63809523809,-375.0498350358749,0.0036142009403311265,True,True,non_rolling_afs_day_only,afs,intraday_only
ABBV,2019-02-22,476343.1904761905,0.000342149361792,0.5403372629070888,300.0,0.0023104906018664843,0.5,0.2,95268.6380952381,28294560.74924381,95268.6380952381,-868.4490490587164,0.003367030113651233,True,True,non_rolling_afs_day_only,afs,intraday_only
ABBV,2019-02-25,476343.1904761905,0.000342149361792,0.5403372629070888,300.0,0.0023104906018664843,0.5,0.2,95268.6380952381,23737460.140041165,95268.6380952381,-203.74942344001283,0.004013430145145802,True,True,non_rolling_afs_day_only,afs,intraday_only
ABBV,2019-02-26,476343.1904761905,0.000342149361792,0.5403372629070888,300.0,0.0023104906018664843,0.5,0.2,95268.6380952381,26490054.89984613,95268.63809523807,253.04208978477243,0.0035963926256638856,True,True,non_rolling_afs_day_only,afs,intraday_only
ABBV,2019-02-27,476343.1904761905,0.000342149361792,0.5403372629070888,300.0,0.0023104906018664843,0.5,0.2,95268.6380952381,38619856.50297075,95268.6380952381,1730.2839514119282,0.0024668304525655026,True,True,non_rolling_afs_day_only,afs,intraday_only
ABBV,2019-02-28,476343.1904761905,0.000342149361792,0.5403372629070888,300.0,0.0023104906018664843,0.5,0.2,95268.6380952381,33720266.05347118,95268.63809523812,1453.178409509093,0.0028252635357078125,True,True,non_rolling_afs_day_only,afs,intraday_only
ABT,2019-02-01,500060.1428571429,0.0002830669728843,0.5503855330201457,300.0,0.0023104906018664843,0.5,0.2,100012.02857142859,37088634.33411504,100012.02857142857,2814.642382344277,0.002696568109530931,True,True,non_rolling_afs_day_only,afs,intraday_only
ABT,2019-02-04,500060.1428571429,0.0002830669728843,0.5503855330201457,300.0,0.0023104906018664843,0.5,0.2,100012.02857142859,17120079.7509223,100012.02857142859,-1072.361805401732,0.0058417968856740105,True,True,non_rolling_afs_day_only,afs,intraday_only
ABT,2019-02-05,500060.1428571429,0.0002830669728843,0.5503855330201457,300.0,0.0023104906018664843,0.5,0.2,100012.02857142859,15560029.963228945,100012.02857142859,234.40540494322602,0.006427495885790348,True,True,non_rolling_afs_day_only,afs,intraday_only
ABT,2019-02-06,500060.1428571429,0.0002830669728843,0.5503855330201457,300.0,0.0023104906018664843,0.5,0.2,100012.02857142859,21545480.510868866,100012.02857142859,1552.1181534281945,0.004641902904925994,True,True,non_rolling_afs_day_only,afs,intraday_only
ABT,2019-02-07,500060.1428571429,0.0002830669728843,0.5503855330201457,300.0,0.0023104906018664843,0.5,0.2,100012.02857142859,19836901.897183657,100012.0285714286,-1244.1265273648096,0.005041716145484784,True,True,non_rolling_afs_day_only,afs,intraday_only
ABT,2019-02-08,500060.1428571429,0.0002830669728843,0.5503855330201457,300.0,0.0023104906018664843,0.5,0.2,100012.02857142859,17074302.272611197,100012.02857142859,-400.37880855096637,0.005857459178982521,True,True,non_rolling_afs_day_only,afs,intraday_only
ABT,2019-02-11,500060.1428571429,0.0002830669728843,0.5503855330201457,300.0,0.0023104906018664843,0.5,0.2,100012.02857142859,23504338.064726233,100012.02857142861,1972.374635852675,0.004255045528021913,True,True,non_rolling_afs_day_only,afs,intraday_only
ABT,2019-02-12,500060.1428571429,0.0002830669728843,0.5503855330201457,300.0,0.0023104906018664843,0.5,0.2,100012.02857142859,15927729.364044627,100012.02857142859,-845.754118604897,0.006279114008378148,True,True,non_rolling_afs_day_only,afs,intraday_only
ABT,2019-02-13,500060.1428571429,0.0002830669728843,0.5503855330201457,300.0,0.0023104906018664843,0.5,0.2,100012.02857142859,18904886.404168535,100012.02857142859,1253.620569461677,0.005290273976434785,True,True,non_rolling_afs_day_only,afs,intraday_only
ABT,2019-02-14,500060.1428571429,0.0002830669728843,0.5503855330201457,300.0,0.0023104906018664843,0.5,0.2,100012.02857142859,24186292.457294364,100012.02857142859,-1748.1578784700623,0.004135070670629631,True,True,non_rolling_afs_day_only,afs,intraday_only
ABT,2019-02-15,500060.1428571429,0.0002830669728843,0.5503855330201457,300.0,0.0023104906018664843,0.5,0.2,100012.02857142859,22015744.502644923,100012.02857142859,-2077.670271762302,0.004542750237649849,True,True,non_rolling_afs_day_only,afs,intraday_only
ABT,2019-02-19,500060.1428571429,0.0002830669728843,0.5503855330201457,300.0,0.0023104906018664843,0.5,0.2,100012.02857142859,15675845.747477908,100012.02857142859,-664.8684104147234,0.006380008465413711,True,True,non_rolling_afs_day_only,afs,intraday_only
ABT,2019-02-20,500060.1428571429,0.0002830669728843,0.5503855330201457,300.0,0.0023104906018664843,0.5,0.2,100012.02857142859,18680788.35543316,100012.02857142859,-767.8987997251874,0.005353737040885691,True,True,non_rolling_afs_day_only,afs,intraday_only
ABT,2019-02-21,500060.1428571429,0.0002830669728843,0.5503855330201457,300.0,0.0023104906018664843,0.5,0.2,100012.02857142859,16773341.063479649,100012.02857142859,-1194.375019735813,0.0059625585739255796,True,True,non_rolling_afs_day_only,afs,intraday_only
ABT,2019-02-22,500060.1428571429,0.0002830669728843,0.5503855330201457,300.0,0.0023104906018664843,0.5,0.2,100012.02857142859,16575834.577617893,100012.02857142859,-772.2051246907643,0.006033604407857289,True,True,non_rolling_afs_day_only,afs,intraday_only
ABT,2019-02-25,500060.1428571429,0.0002830669728843,0.5503855330201457,300.0,0.0023104906018664843,0.5,0.2,100012.02857142859,15173416.986968882,100012.02857142857,-802.7095782655958,0.006591266071269256,True,True,non_rolling_afs_day_only,afs,intraday_only
ABT,2019-02-26,500060.1428571429,0.0002830669728843,0.5503855330201457,300.0,0.0023104906018664843,0.5,0.2,100012.02857142859,21506439.438511588,100012.02857142859,-1724.5756363447497,0.0046503294446935284,True,True,non_rolling_afs_day_only,afs,intraday_only
ABT,2019-02-27,500060.1428571429,0.0002830669728843,0.5503855330201457,300.0,0.0023104906018664843,0.5,0.2,100012.02857142859,13946504.907111121,100012.0285714286,411.10529399841147,0.007171117727168611,True,True,non_rolling_afs_day_only,afs,intraday_only
ABT,2019-02-28,500060.1428571429,0.0002830669728843,0.5503855330201457,300.0,0.0023104906018664843,0.5,0.2,100012.02857142859,20926993.412017513,100012.0285714286,1699.6104148167174,0.004779092084675469,True,True,non_rolling_afs_day_only,afs,intraday_only
ADBE,2019-02-01,414365.9523809524,0.0003273652057233,0.5733664491929958,300.0,0.0023104906018664843,0.5,0.2,82873.19047619049,17043233.083085872,82873.19047619049,1070.0085873164685,0.004862527554025879,True,True,non_rolling_afs_day_only,afs,intraday_only
ADBE,2019-02-04,414365.9523809524,0.0003273652057233,0.5733664491929958,300.0,0.0023104906018664843,0.5,0.2,82873.19047619049,15367122.087094307,82873.19047619047,-710.5331005399815,0.005392889443221738,True,True,non_rolling_afs_day_only,afs,intraday_only
ADBE,2019-02-05,414365.9523809524,0.0003273652057233,0.5733664491929958,300.0,0.0023104906018664843,0.5,0.2,82873.19047619049,20031764.949568983,82873.19047619049,1552.8762605719653,0.004137088802950118,True,True,non_rolling_afs_day_only,afs,intraday_only
ADBE,2019-02-06,414365.9523809524,0.0003273652057233,0.5733664491929958,300.0,0.0023104906018664843,0.5,0.2,82873.19047619049,13878661.777004033,82873.19047619049,-129.14552697944364,0.005971266668772456,True,True,non_rolling_afs_day_only,afs,intraday_only
ADBE,2019-02-07,414365.9523809524,0.0003273652057233,0.5733664491929958,300.0,0.0023104906018664843,0.5,0.2,82873.19047619049,13992665.589608317,82873.19047619049,-247.53093575518167,0.005922616383953065,True,True,non_rolling_afs_day_only,afs,intraday_only
ADBE,2019-02-08,414365.9523809524,0.0003273652057233,0.5733664491929958,300.0,0.0023104906018664843,0.5,0.2,82873.19047619049,12599681.935917147,82873.19047619047,191.24262064707204,0.006577403373965253,True,True,non_rolling_afs_day_only,afs,intraday_only
ADBE,2019-02-11,414365.9523809524,0.0003273652057233,0.5733664491929958,300.0,0.0023104906018664843,0.5,0.2,82873.19047619049,15928200.557584498,82873.19047619049,287.12261229791744,0.00520292233743434,True,True,non_rolling_afs_day_only,afs,intraday_only
ADBE,2019-02-12,414365.9523809524,0.0003273652057233,0.5733664491929958,300.0,0.0023104906018664843,0.5,0.2,82873.19047619049,12868282.195526049,82873.19047619049,426.5847272662372,0.006440112923930378,True,True,non_rolling_afs_day_only,afs,intraday_only
ADBE,2019-02-13,414365.9523809524,0.0003273652057233,0.5733664491929958,300.0,0.0023104906018664843,0.5,0.2,82873.19047619049,21630805.31431645,82873.1904761905,-1537.3067934523742,0.003831257748935518,True,True,non_rolling_afs_day_only,afs,intraday_only
ADBE,2019-02-14,414365.9523809524,0.0003273652057233,0.5733664491929958,300.0,0.0023104906018664843,0.5,0.2,82873.19047619049,13169033.683252582,82873.19047619049,325.3161980517335,0.006293035044901022,True,True,non_rolling_afs_day_only,afs,intraday_only
ADBE,2019-02-15,414365.9523809524,0.0003273652057233,0.5733664491929958,300.0,0.0023104906018664843,0.5,0.2,82873.19047619049,11908747.788627658,82873.19047619047,-371.1948281530414,0.006959018021637071,True,True,non_rolling_afs_day_only,afs,intraday_only
ADBE,2019-02-19,414365.9523809524,0.0003273652057233,0.5733664491929958,300.0,0.0023104906018664843,0.5,0.2,82873.19047619049,13082625.17197212,82873.19047619049,329.06541618903924,0.006334599469664229,True,True,non_rolling_afs_day_only,afs,intraday_only
ADBE,2019-02-20,414365.9523809524,0.0003273652057233,0.5733664491929958,300.0,0.0023104906018664843,0.5,0.2,82873.19047619049,12499822.754933473,82873.19047619049,-443.54087271566493,0.006629949248158884,True,True,non_rolling_afs_day_only,afs,intraday_only
ADBE,2019-02-21,414365.9523809524,0.0003273652057233,0.5733664491929958,300.0,0.0023104906018664843,0.5,0.2,82873.19047619049,13751347.54631007,82873.19047619049,-890.3557253470924,0.00602655050329435,True,True,non_rolling_afs_day_only,afs,intraday_only
ADBE,2019-02-22,414365.9523809524,0.0003273652057233,0.5733664491929958,300.0,0.0023104906018664843,0.5,0.2,82873.19047619049,13762276.263979461,82873.1904761905,673.5857146490931,0.006021764778338138,True,True,non_rolling_afs_day_only,afs,intraday_only
ADBE,2019-02-25,414365.9523809524,0.0003273652057233,0.5733664491929958,300.0,0.0023104906018664843,0.5,0.2,82873.19047619049,14759707.861763576,82873.19047619049,-1105.8634237905678,0.005614825933708441,True,True,non_rolling_afs_day_only,afs,intraday_only
ADBE,2019-02-26,414365.9523809524,0.0003273652057233,0.5733664491929958,300.0,0.0023104906018664843,0.5,0.2,82873.19047619049,12151583.432605563,82873.19047619047,272.1394749667739,0.006819949921408775,True,True,non_rolling_afs_day_only,afs,intraday_only
ADBE,2019-02-27,414365.9523809524,0.0003273652057233,0.5733664491929958,300.0,0.0023104906018664843,0.5,0.2,82873.19047619049,21253752.566459518,82873.19047619049,1526.1612933726833,0.0038992262762563828,True,True,non_rolling_afs_day_only,afs,intraday_only
ADBE,2019-02-28,414365.9523809524,0.0003273652057233,0.5733664491929958,300.0,0.0023104906018664843,0.5,0.2,82873.19047619049,24624539.571219057,82873.19047619049,1790.1567533849566,0.0033654716765974353,True,True,non_rolling_afs_day_only,afs,intraday_only
ADI,2019-02-01,446626.0,0.0003180139031073,0.532326458201956,300.0,0.0023104906018664843,0.5,0.2,89325.20000000001,16008396.115767188,89325.2,843.5397182920808,0.005579896908724086,True,True,non_rolling_afs_day_only,afs,intraday_only
ADI,2019-02-04,446626.0,0.0003180139031073,0.532326458201956,300.0,0.0023104906018664843,0.5,0.2,89325.20000000001,19726168.371599585,89325.20000000001,1374.5061110252955,0.004528259027161324,True,True,non_rolling_afs_day_only,afs,intraday_only
ADI,2019-02-05,446626.0,0.0003180139031073,0.532326458201956,300.0,0.0023104906018664843,0.5,0.2,89325.20000000001,15710120.610861957,89325.20000000001,-754.9848513643294,0.005685837952016784,True,True,non_rolling_afs_day_only,afs,intraday_only
ADI,2019-02-06,446626.0,0.0003180139031073,0.532326458201956,300.0,0.0023104906018664843,0.5,0.2,89325.20000000001,15923550.578770965,89325.20000000003,-872.1773026268052,0.00560962830231387,True,True,non_rolling_afs_day_only,afs,intraday_only
ADI,2019-02-07,446626.0,0.0003180139031073,0.532326458201956,300.0,0.0023104906018664843,0.5,0.2,89325.20000000001,13664470.33099401,89325.20000000001,-38.46652474574829,0.006537040795309197,True,True,non_rolling_afs_day_only,afs,intraday_only
ADI,2019-02-08,446626.0,0.0003180139031073,0.532326458201956,300.0,0.0023104906018664843,0.5,0.2,89325.20000000001,14929330.957200084,89325.20000000004,733.8160027514715,0.005983201809651119,True,True,non_rolling_afs_day_only,afs,intraday_only
ADI,2019-02-11,446626.0,0.0003180139031073,0.532326458201956,300.0,0.0023104906018664843,0.5,0.2,89325.20000000001,17434565.09507765,89325.20000000001,1193.1967306232568,0.005123454443106209,True,True,non_rolling_afs_day_only,afs,intraday_only
ADI,2019-02-12,446626.0,0.0003180139031073,0.532326458201956,300.0,0.0023104906018664843,0.5,0.2,89325.20000000001,22162952.294011083,89325.20000000001,1696.4808137515824,0.004030383624664375,True,True,non_rolling_afs_day_only,afs,intraday_only
ADI,2019-02-13,446626.0,0.0003180139031073,0.532326458201956,300.0,0.0023104906018664843,0.5,0.2,89325.20000000001,12613221.260706857,89325.20000000001,-143.02117523169056,0.007081870535187468,True,True,non_rolling_afs_day_only,afs,intraday_only
ADI,2019-02-14,446626.0,0.0003180139031073,0.532326458201956,300.0,0.0023104906018664843,0.5,0.2,89325.20000000001,15956643.94732712,89325.20000000001,-1353.8925024223124,0.0055979941831667416,True,True,non_rolling_afs_day_only,afs,intraday_only
ADI,2019-02-15,446626.0,0.0003180139031073,0.532326458201956,300.0,0.0023104906018664843,0.5,0.2,89325.20000000001,38503333.428908244,89325.20000000001,3176.007601054336,0.0023199341990720935,True,True,non_rolling_afs_day_only,afs,intraday_only
ADI,2019-02-19,446626.0,0.0003180139031073,0.532326458201956,300.0,0.0023104906018664843,0.5,0.2,89325.20000000001,17141941.727463607,89325.20000000001,1300.8480746392179,0.005210914925518006,True,True,non_rolling_afs_day_only,afs,intraday_only
ADI,2019-02-20,446626.0,0.0003180139031073,0.532326458201956,300.0,0.0023104906018664843,0.5,0.2,89325.20000000001,15332729.380625116,89325.20000000001,896.527178473712,0.005825785989079932,True,True,non_rolling_afs_day_only,afs,intraday_only
ADI,2019-02-21,446626.0,0.0003180139031073,0.532326458201956,300.0,0.0023104906018664843,0.5,0.2,89325.20000000001,12307386.561090106,89325.20000000001,221.99258075514456,0.007257852798936396,True,True,non_rolling_afs_day_only,afs,intraday_only
ADI,2019-02-22,446626.0,0.0003180139031073,0.532326458201956,300.0,0.0023104906018664843,0.5,0.2,89325.20000000001,15881803.0104478,89325.20000000001,-1121.3042508220058,0.005624374004717076,True,True,non_rolling_afs_day_only,afs,intraday_only
ADI,2019-02-25,446626.0,0.0003180139031073,0.532326458201956,300.0,0.0023104906018664843,0.5,0.2,89325.20000000001,11914717.246659469,89325.2,-102.81894919736607,0.0074970474037094025,True,True,non_rolling_afs_day_only,afs,intraday_only
ADI,2019-02-26,446626.0,0.0003180139031073,0.532326458201956,300.0,0.0023104906018664843,0.5,0.2,89325.20000000001,12592002.537183618,89325.20000000001,-385.80124301991157,0.007093804161508601,True,True,non_rolling_afs_day_only,afs,intraday_only
ADI,2019-02-27,446626.0,0.0003180139031073,0.532326458201956,300.0,0.0023104906018664843,0.5,0.2,89325.20000000001,12075205.956152147,89325.20000000001,-152.2845088444494,0.007397405917908182,True,True,non_rolling_afs_day_only,afs,intraday_only
ADI,2019-02-28,446626.0,0.0003180139031073,0.532326458201956,300.0,0.0023104906018664843,0.5,0.2,89325.20000000001,26188196.15141923,89325.20000000003,2008.8942536795557,0.0034108954844970936,True,True,non_rolling_afs_day_only,afs,intraday_only
ADM,2019-02-01,264055.4761904762,0.0002399653754965,0.4362227189530383,300.0,0.0023104906018664843,0.5,0.2,52811.095238095244,15754661.179809464,52811.09523809525,-783.9625465801615,0.0033520933668682007,True,True,non_rolling_afs_day_only,afs,intraday_only
ADM,2019-02-04,264055.4761904762,0.0002399653754965,0.4362227189530383,300.0,0.0023104906018664843,0.5,0.2,52811.095238095244,18134089.339484733,52811.09523809524,-969.7553225715966,0.00291225515929855,True,True,non_rolling_afs_day_only,afs,intraday_only
ADM,2019-02-05,264055.4761904762,0.0002399653754965,0.4362227189530383,300.0,0.0023104906018664843,0.5,0.2,52811.095238095244,14033026.359870164,52811.09523809525,-419.4828802852276,0.0037633432649366067,True,True,non_rolling_afs_day_only,afs,intraday_only
ADM,2019-02-06,264055.4761904762,0.0002399653754965,0.4362227189530383,300.0,0.0023104906018664843,0.5,0.2,52811.095238095244,22890852.796485886,52811.09523809523,1210.0118517835524,0.0023070829080777014,True,True,non_rolling_afs_day_only,afs,intraday_only
ADM,2019-02-07,264055.4761904762,0.0002399653754965,0.4362227189530383,300.0,0.0023104906018664843,0.5,0.2,52811.095238095244,25109782.686637595,52811.09523809524,-1251.954467290198,0.0021032079766345074,True,True,non_rolling_afs_day_only,afs,intraday_only
ADM,2019-02-08,264055.4761904762,0.0002399653754965,0.4362227189530383,300.0,0.0023104906018664843,0.5,0.2,52811.095238095244,13663740.361374475,52811.09523809524,-400.5715476368341,0.003865054065824098,True,True,non_rolling_afs_day_only,afs,intraday_only
ADM,2019-02-11,264055.4761904762,0.0002399653754965,0.4362227189530383,300.0,0.0023104906018664843,0.5,0.2,52811.095238095244,12542557.311081158,52811.09523809525,44.57449787362742,0.004210552435860704,True,True,non_rolling_afs_day_only,afs,intraday_only
ADM,2019-02-12,264055.4761904762,0.0002399653754965,0.4362227189530383,300.0,0.0023104906018664843,0.5,0.2,52811.095238095244,20837460.5658657,52811.095238095244,1068.9939862266597,0.0025344304825995092,True,True,non_rolling_afs_day_only,afs,intraday_only
ADM,2019-02-13,264055.4761904762,0.0002399653754965,0.4362227189530383,300.0,0.0023104906018664843,0.5,0.2,52811.095238095244,15158324.935682511,52811.09523809525,788.0469137255054,0.003483966431790796,True,True,non_rolling_afs_day_only,afs,intraday_only
ADM,2019-02-14,264055.4761904762,0.0002399653754965,0.4362227189530383,300.0,0.0023104906018664843,0.5,0.2,52811.095238095244,12378172.987499857,52811.095238095244,-121.3827323871393,0.004266469315902009,True,True,non_rolling_afs_day_only,afs,intraday_only
ADM,2019-02-15,264055.4761904762,0.0002399653754965,0.4362227189530383,300.0,0.0023104906018664843,0.5,0.2,52811.095238095244,12657971.169599585,52811.09523809524,325.8694548159923,0.004172161125230769,True,True,non_rolling_afs_day_only,afs,intraday_only
ADM,2019-02-19,264055.4761904762,0.0002399653754965,0.4362227189530383,300.0,0.0023104906018664843,0.5,0.2,52811.095238095244,11752798.755691165,52811.09523809524,52.932181528388355,0.004493490983372964,True,True,non_rolling_afs_day_only,afs,intraday_only
ADM,2019-02-20,264055.4761904762,0.0002399653754965,0.4362227189530383,300.0,0.0023104906018664843,0.5,0.2,52811.095238095244,12312764.059965163,52811.09523809525,322.25495515021777,0.004289134022295613,True,True,non_rolling_afs_day_only,afs,intraday_only
ADM,2019-02-21,264055.4761904762,0.0002399653754965,0.4362227189530383,300.0,0.0023104906018664843,0.5,0.2,52811.095238095244,13784889.979730548,52811.09523809525,-558.7571512451724,0.0038310857261646086,True,True,non_rolling_afs_day_only,afs,intraday_only
ADM,2019-02-22,264055.4761904762,0.0002399653754965,0.4362227189530383,300.0,0.0023104906018664843,0.5,0.2,52811.095238095244,13103917.670890031,52811.09523809525,339.8189358450879,0.004030176056082338,True,True,non_rolling_afs_day_only,afs,intraday_only
ADM,2019-02-25,264055.4761904762,0.0002399653754965,0.4362227189530383,300.0,0.0023104906018664843,0.5,0.2,52811.095238095244,13450475.192190383,52811.09523809524,357.53094932079296,0.003926336763831097,True,True,non_rolling_afs_day_only,afs,intraday_only
ADM,2019-02-26,264055.4761904762,0.0002399653754965,0.4362227189530383,300.0,0.0023104906018664843,0.5,0.2,52811.095238095244,11970455.625243023,52811.09523809524,-62.95098585525528,0.004411786559462985,True,True,non_rolling_afs_day_only,afs,intraday_only
ADM,2019-02-27,264055.4761904762,0.0002399653754965,0.4362227189530383,300.0,0.0023104906018664843,0.5,0.2,52811.095238095244,15617506.567002423,52811.095238095244,738.181400556718,0.003381531809288789,True,True,non_rolling_afs_day_only,afs,intraday_only
ADM,2019-02-28,264055.4761904762,0.0002399653754965,0.4362227189530383,300.0,0.0023104906018664843,0.5,0.2,52811.095238095244,12032531.263284236,52811.09523809525,312.4512437456909,0.004389026222540697,True,True,non_rolling_afs_day_only,afs,intraday_only
ADP,2019-02-01,303932.2380952381,0.000249105653446,0.5115897996516298,300.0,0.0023104906018664843,0.5,0.2,60786.44761904763,9317407.658252254,60786.44761904764,177.23594889138047,0.006523965661758955,True,True,non_rolling_afs_day_only,afs,intraday_only
ADP,2019-02-04,303932.2380952381,0.000249105653446,0.5115897996516298,300.0,0.0023104906018664843,0.5,0.2,60786.44761904763,9926463.426578738,60786.44761904763,490.28537585257214,0.0061236761781933375,True,True,non_rolling_afs_day_only,afs,intraday_only
ADP,2019-02-05,303932.2380952381,0.000249105653446,0.5115897996516298,300.0,0.0023104906018664843,0.5,0.2,60786.44761904763,13012475.272203185,60786.44761904761,-954.6334446958994,0.004671397743125599,True,True,non_rolling_afs_day_only,afs,intraday_only
ADP,2019-02-06,303932.2380952381,0.000249105653446,0.5115897996516298,300.0,0.0023104906018664843,0.5,0.2,60786.44761904763,9982699.15455395,60786.44761904763,-505.37844120212173,0.006089179557346253,True,True,non_rolling_afs_day_only,afs,intraday_only
ADP,2019-02-07,303932.2380952381,0.000249105653446,0.5115897996516298,300.0,0.0023104906018664843,0.5,0.2,60786.44761904763,11972959.632657865,60786.44761904763,-889.339730385645,0.005076977579816137,True,True,non_rolling_afs_day_only,afs,intraday_only
ADP,2019-02-08,303932.2380952381,0.000249105653446,0.5115897996516298,300.0,0.0023104906018664843,0.5,0.2,60786.44761904763,8734254.166740889,60786.447619047634,248.59021039961627,0.006959546454523382,True,True,non_rolling_afs_day_only,afs,intraday_only
ADP,2019-02-11,303932.2380952381,0.000249105653446,0.5115897996516298,300.0,0.0023104906018664843,0.5,0.2,60786.44761904763,11245751.823635995,60786.44761904763,299.64463534466097,0.005405280907167845,True,True,non_rolling_afs_day_only,afs,intraday_only
ADP,2019-02-12,303932.2380952381,0.000249105653446,0.5115897996516298,300.0,0.0023104906018664843,0.5,0.2,60786.44761904763,8875893.911747776,60786.44761904762,-298.93499424272545,0.006848487400079572,True,True,non_rolling_afs_day_only,afs,intraday_only
ADP,2019-02-13,303932.2380952381,0.000249105653446,0.5115897996516298,300.0,0.0023104906018664843,0.5,0.2,60786.44761904763,12558930.581363708,60786.44761904763,-1057.856214856502,0.004840097429095524,True,True,non_rolling_afs_day_only,afs,intraday_only
ADP,2019-02-14,303932.2380952381,0.000249105653446,0.5115897996516298,300.0,0.0023104906018664843,0.5,0.2,60786.44761904763,8192574.928121948,60786.44761904762,52.7110836079339,0.007419699929797555,True,True,non_rolling_afs_day_only,afs,intraday_only
ADP,2019-02-15,303932.2380952381,0.000249105653446,0.5115897996516298,300.0,0.0023104906018664843,0.5,0.2,60786.44761904763,9741187.567269076,60786.44761904763,-702.597046699264,0.006240147538406244,True,True,non_rolling_afs_day_only,afs,intraday_only
ADP,2019-02-19,303932.2380952381,0.000249105653446,0.5115897996516298,300.0,0.0023104906018664843,0.5,0.2,60786.44761904763,7751331.230176057,60786.44761904763,191.72354926932644,0.00784206555157971,True,True,non_rolling_afs_day_only,afs,intraday_only
ADP,2019-02-20,303932.2380952381,0.000249105653446,0.5115897996516298,300.0,0.0023104906018664843,0.5,0.2,60786.44761904763,8177980.66515102,60786.44761904763,-46.177910666424225,0.007432940979926504,True,True,non_rolling_afs_day_only,afs,intraday_only
ADP,2019-02-21,303932.2380952381,0.000249105653446,0.5115897996516298,300.0,0.0023104906018664843,0.5,0.2,60786.44761904763,9766783.580594905,60786.44761904763,-755.6284126181014,0.006223793853671637,True,True,non_rolling_afs_day_only,afs,intraday_only
ADP,2019-02-22,303932.2380952381,0.000249105653446,0.5115897996516298,300.0,0.0023104906018664843,0.5,0.2,60786.44761904763,8321496.478063296,60786.44761904763,369.9944391810471,0.007304749545864709,True,True,non_rolling_afs_day_only,afs,intraday_only
ADP,2019-02-25,303932.2380952381,0.000249105653446,0.5115897996516298,300.0,0.0023104906018664843,0.5,0.2,60786.44761904763,8720039.917323858,60786.44761904762,589.3196226231627,0.006970890981620956,True,True,non_rolling_afs_day_only,afs,intraday_only
ADP,2019-02-26,303932.2380952381,0.000249105653446,0.5115897996516298,300.0,0.0023104906018664843,0.5,0.2,60786.44761904763,8672913.436787862,60786.44761904763,-469.2447767986098,0.0070087690903508845,True,True,non_rolling_afs_day_only,afs,intraday_only
ADP,2019-02-27,303932.2380952381,0.000249105653446,0.5115897996516298,300.0,0.0023104906018664843,0.5,0.2,60786.44761904763,9407293.374187885,60786.44761904763,-369.5358020914301,0.006461629844120303,True,True,non_rolling_afs_day_only,afs,intraday_only
ADP,2019-02-28,303932.2380952381,0.000249105653446,0.5115897996516298,300.0,0.0023104906018664843,0.5,0.2,60786.44761904763,9312661.69966074,60786.447619047634,-676.8808617318405,0.006527290433116675,True,True,non_rolling_afs_day_only,afs,intraday_only
AEP,2019-02-01,280283.90476190473,0.0002608355109743,0.4094396284030576,300.0,0.0023104906018664843,0.5,0.2,56056.78095238095,15945037.758096965,56056.78095238094,539.99246119324,0.003515625475638341,True,True,non_rolling_afs_day_only,afs,intraday_only
AEP,2019-02-04,280283.90476190473,0.0002608355109743,0.4094396284030576,300.0,0.0023104906018664843,0.5,0.2,56056.78095238095,15150682.052368477,56056.78095238095,225.86020039853574,0.0036999509829735815,True,True,non_rolling_afs_day_only,afs,intraday_only
AEP,2019-02-05,280283.90476190473,0.0002608355109743,0.4094396284030576,300.0,0.0023104906018664843,0.5,0.2,56056.78095238095,16088576.546795014,56056.78095238094,-574.9886275097076,0.003484259828042273,True,True,non_rolling_afs_day_only,afs,intraday_only
AEP,2019-02-06,280283.90476190473,0.0002608355109743,0.4094396284030576,300.0,0.0023104906018664843,0.5,0.2,56056.78095238095,15040496.10900349,56056.78095238094,-377.7127115078756,0.003727056644017509,True,True,non_rolling_afs_day_only,afs,intraday_only
AEP,2019-02-07,280283.90476190473,0.0002608355109743,0.4094396284030576,300.0,0.0023104906018664843,0.5,0.2,56056.78095238095,15355297.176088922,56056.78095238094,329.41745188483367,0.003650647741267546,True,True,non_rolling_afs_day_only,afs,intraday_only
AEP,2019-02-08,280283.90476190473,0.0002608355109743,0.4094396284030576,300.0,0.0023104906018664843,0.5,0.2,56056.78095238095,15420333.271257116,56056.78095238095,395.64637481411074,0.003635250935650564,True,True,non_rolling_afs_day_only,afs,intraday_only
AEP,2019-02-11,280283.90476190473,0.0002608355109743,0.4094396284030576,300.0,0.0023104906018664843,0.5,0.2,56056.78095238095,15852799.684391677,56056.78095238095,-617.6783542442163,0.003536080822845017,True,True,non_rolling_afs_day_only,afs,intraday_only
AEP,2019-02-12,280283.90476190473,0.0002608355109743,0.4094396284030576,300.0,0.0023104906018664843,0.5,0.2,56056.78095238095,15825231.722401153,56056.78095238095,-612.0631592764423,0.00354224076687804,True,True,non_rolling_afs_day_only,afs,intraday_only
AEP,2019-02-13,280283.90476190473,0.0002608355109743,0.4094396284030576,300.0,0.0023104906018664843,0.5,0.2,56056.78095238095,13709478.088339003,56056.78095238095,-55.299626753562144,0.004088907002233855,True,True,non_rolling_afs_day_only,afs,intraday_only
AEP,2019-02-14,280283.90476190473,0.0002608355109743,0.4094396284030576,300.0,0.0023104906018664843,0.5,0.2,56056.78095238095,15495481.902362747,56056.78095238094,494.4456067092201,0.003617621014021734,True,True,non_rolling_afs_day_only,afs,intraday_only
AEP,2019-02-15,280283.90476190473,0.0002608355109743,0.4094396284030576,300.0,0.0023104906018664843,0.5,0.2,56056.78095238095,19092179.41707149,56056.78095238095,-918.56550823528,0.00293611220216468,True,True,non_rolling_afs_day_only,afs,intraday_only
AEP,2019-02-19,280283.90476190473,0.0002608355109743,0.4094396284030576,300.0,0.0023104906018664843,0.5,0.2,56056.78095238095,12923180.374664664,56056.78095238095,174.4006916344108,0.00433769237348709,True,True,non_rolling_afs_day_only,afs,intraday_only
AEP,2019-02-20,280283.90476190473,0.0002608355109743,0.4094396284030576,300.0,0.0023104906018664843,0.5,0.2,56056.78095238095,13635841.75943603,56056.780952380956,-280.96546697911526,0.004110987934689807,True,True,non_rolling_afs_day_only,afs,intraday_only
AEP,2019-02-21,280283.90476190473,0.0002608355109743,0.4094396284030576,300.0,0.0023104906018664843,0.5,0.2,56056.78095238095,14505646.765067857,56056.780952380956,371.56234609204876,0.0038644799408307333,True,True,non_rolling_afs_day_only,afs,intraday_only
AEP,2019-02-22,280283.90476190473,0.0002608355109743,0.4094396284030576,300.0,0.0023104906018664843,0.5,0.2,56056.78095238095,12991676.474302983,56056.780952380956,-167.94051026251327,0.004314822730019411,True,True,non_rolling_afs_day_only,afs,intraday_only
AEP,2019-02-25,280283.90476190473,0.0002608355109743,0.4094396284030576,300.0,0.0023104906018664843,0.5,0.2,56056.78095238095,16074393.52830999,56056.780952380956,692.0695603772136,0.003487334116441442,True,True,non_rolling_afs_day_only,afs,intraday_only
AEP,2019-02-26,280283.90476190473,0.0002608355109743,0.4094396284030576,300.0,0.0023104906018664843,0.5,0.2,56056.78095238095,19598707.479997054,56056.780952380956,-1009.2560144075608,0.0028602284619837276,True,True,non_rolling_afs_day_only,afs,intraday_only
AEP,2019-02-27,280283.90476190473,0.0002608355109743,0.4094396284030576,300.0,0.0023104906018664843,0.5,0.2,56056.78095238095,15357533.112672865,56056.78095238095,328.15198925016006,0.0036501162355380835,True,True,non_rolling_afs_day_only,afs,intraday_only
AEP,2019-02-28,280283.90476190473,0.0002608355109743,0.4094396284030576,300.0,0.0023104906018664843,0.5,0.2,56056.78095238095,13785010.995362975,56056.78095238094,39.128202533453965,0.004066502447566957,True,True,non_rolling_afs_day_only,afs,intraday_only
AES,2019-02-01,367966.8095238095,0.000300475148608,0.4036421771883018,300.0,0.0023104906018664843,0.5,0.2,73593.36190476191,33193202.449569672,73593.36190476193,1285.675742558959,0.002217121472885061,True,True,non_rolling_afs_day_only,afs,intraday_only
AES,2019-02-04,367966.8095238095,0.000300475148608,0.4036421771883018,300.0,0.0023104906018664843,0.5,0.2,73593.36190476191,31976939.56790247,73593.36190476193,1430.446924060948,0.002301451073780457,True,True,non_rolling_afs_day_only,afs,intraday_only
AES,2019-02-05,367966.8095238095,0.000300475148608,0.4036421771883018,300.0,0.0023104906018664843,0.5,0.2,73593.36190476191,30163884.460851252,73593.3619047619,-1363.9147823438468,0.0024397839741189965,True,True,non_rolling_afs_day_only,afs,intraday_only
AES,2019-02-06,367966.8095238095,0.000300475148608,0.4036421771883018,300.0,0.0023104906018664843,0.5,0.2,73593.36190476191,21422370.784426473,73593.36190476191,430.0699985114707,0.003435350953698479,True,True,non_rolling_afs_day_only,afs,intraday_only
AES,2019-02-07,367966.8095238095,0.000300475148608,0.4036421771883018,300.0,0.0023104906018664843,0.5,0.2,73593.36190476191,23370909.89540604,73593.36190476191,-703.5249438716871,0.0031489301115840583,True,True,non_rolling_afs_day_only,afs,intraday_only
AES,2019-02-08,367966.8095238095,0.000300475148608,0.4036421771883018,300.0,0.0023104906018664843,0.5,0.2,73593.36190476191,20547190.028815743,73593.3619047619,380.590046202659,0.0035816752461798078,True,True,non_rolling_afs_day_only,afs,intraday_only
AES,2019-02-11,367966.8095238095,0.000300475148608,0.4036421771883018,300.0,0.0023104906018664843,0.5,0.2,73593.36190476191,19863937.69068045,73593.36190476191,194.39715903680377,0.0037048727724961427,True,True,non_rolling_afs_day_only,afs,intraday_only
AES,2019-02-12,367966.8095238095,0.000300475148608,0.4036421771883018,300.0,0.0023104906018664843,0.5,0.2,73593.36190476191,27845994.5270831,73593.36190476191,1248.774922833992,0.0026428706589446747,True,True,non_rolling_afs_day_only,afs,intraday_only
AES,2019-02-13,367966.8095238095,0.000300475148608,0.4036421771883018,300.0,0.0023104906018664843,0.5,0.2,73593.36190476191,22269431.08127193,73593.3619047619,588.3709868370356,0.0033046808262045006,True,True,non_rolling_afs_day_only,afs,intraday_only
AES,2019-02-14,367966.8095238095,0.000300475148608,0.4036421771883018,300.0,0.0023104906018664843,0.5,0.2,73593.36190476191,30167745.965034746,73593.36190476193,1373.0278377002987,0.0024394716791257347,True,True,non_rolling_afs_day_only,afs,intraday_only
AES,2019-02-15,367966.8095238095,0.000300475148608,0.4036421771883018,300.0,0.0023104906018664843,0.5,0.2,73593.36190476191,21477426.961377837,73593.36190476191,699.7398643185159,0.003426544624600632,True,True,non_rolling_afs_day_only,afs,intraday_only
AES,2019-02-19,367966.8095238095,0.000300475148608,0.4036421771883018,300.0,0.0023104906018664843,0.5,0.2,73593.36190476191,22973737.356307782,73593.36190476191,-874.6482769006932,0.0032033691672964026,True,True,non_rolling_afs_day_only,afs,intraday_only
AES,2019-02-20,367966.8095238095,0.000300475148608,0.4036421771883018,300.0,0.0023104906018664843,0.5,0.2,73593.36190476191,19732582.136110216,73593.36190476193,372.2138492168006,0.003729535313581064,True,True,non_rolling_afs_day_only,afs,intraday_only
AES,2019-02-21,367966.8095238095,0.000300475148608,0.4036421771883018,300.0,0.0023104906018664843,0.5,0.2,73593.36190476191,19053062.674865603,73593.3619047619,-557.2082843304722,0.0038625476208528258,True,True,non_rolling_afs_day_only,afs,intraday_only
AES,2019-02-22,367966.8095238095,0.000300475148608,0.4036421771883018,300.0,0.0023104906018664843,0.5,0.2,73593.36190476191,31784366.865650687,73593.3619047619,1425.503085649681,0.0023153949303389818,True,True,non_rolling_afs_day_only,afs,intraday_only
AES,2019-02-25,367966.8095238095,0.000300475148608,0.4036421771883018,300.0,0.0023104906018664843,0.5,0.2,73593.36190476191,20195592.05434139,73593.36190476193,290.7262804993269,0.0036440309205464346,True,True,non_rolling_afs_day_only,afs,intraday_only
AES,2019-02-26,367966.8095238095,0.000300475148608,0.4036421771883018,300.0,0.0023104906018664843,0.5,0.2,73593.36190476191,19830389.583512858,73593.36190476193,-28.54904430975226,0.003711140499526445,True,True,non_rolling_afs_day_only,afs,intraday_only
AES,2019-02-27,367966.8095238095,0.000300475148608,0.4036421771883018,300.0,0.0023104906018664843,0.5,0.2,73593.36190476191,30877040.818957552,73593.36190476191,1270.1881230538334,0.0023834331254819555,True,True,non_rolling_afs_day_only,afs,intraday_only
AES,2019-02-28,367966.8095238095,0.000300475148608,0.4036421771883018,300.0,0.0023104906018664843,0.5,0.2,73593.36190476191,22468349.34973321,73593.36190476193,737.4804149599775,0.0032754236085276002,True,True,non_rolling_afs_day_only,afs,intraday_only
AFL,2019-02-01,304800.04761904763,0.000232499900595,0.4636614452545816,300.0,0.0023104906018664843,0.5,0.2,60960.00952380953,11093477.509115763,60960.00952380954,167.89132880104708,0.005495121748227037,True,True,non_rolling_afs_day_only,afs,intraday_only
AFL,2019-02-04,304800.04761904763,0.000232499900595,0.4636614452545816,300.0,0.0023104906018664843,0.5,0.2,60960.00952380953,12429190.437335785,60960.00952380953,406.2372109309599,0.004904584078194911,True,True,non_rolling_afs_day_only,afs,intraday_only
AFL,2019-02-05,304800.04761904763,0.000232499900595,0.4636614452545816,300.0,0.0023104906018664843,0.5,0.2,60960.00952380953,11991119.436516732,60960.00952380954,-554.439053313914,0.0050837630170013255,True,True,non_rolling_afs_day_only,afs,intraday_only
AFL,2019-02-06,304800.04761904763,0.000232499900595,0.4636614452545816,300.0,0.0023104906018664843,0.5,0.2,60960.00952380953,14138637.905033592,60960.00952380954,-309.32550260835535,0.004311589980114474,True,True,non_rolling_afs_day_only,afs,intraday_only
AFL,2019-02-07,304800.04761904763,0.000232499900595,0.4636614452545816,300.0,0.0023104906018664843,0.5,0.2,60960.00952380953,10661002.32224196,60960.00952380954,-322.1422636195319,0.005718037355327198,True,True,non_rolling_afs_day_only,afs,intraday_only
AFL,2019-02-08,304800.04761904763,0.000232499900595,0.4636614452545816,300.0,0.0023104906018664843,0.5,0.2,60960.00952380953,10635074.178803738,60960.00952380954,144.21738952488326,0.005731977840390247,True,True,non_rolling_afs_day_only,afs,intraday_only
AFL,2019-02-11,304800.04761904763,0.000232499900595,0.4636614452545816,300.0,0.0023104906018664843,0.5,0.2,60960.00952380953,12641210.188674282,60960.00952380953,-307.92044411428503,0.004822323860924788,True,True,non_rolling_afs_day_only,afs,intraday_only
AFL,2019-02-12,304800.04761904763,0.000232499900595,0.4636614452545816,300.0,0.0023104906018664843,0.5,0.2,60960.00952380953,9758108.067859769,60960.009523809524,38.04089724822363,0.006247113590040389,True,True,non_rolling_afs_day_only,afs,intraday_only
AFL,2019-02-13,304800.04761904763,0.000232499900595,0.4636614452545816,300.0,0.0023104906018664843,0.5,0.2,60960.00952380953,13733303.799681941,60960.00952380953,-959.130597209266,0.004438845190712328,True,True,non_rolling_afs_day_only,afs,intraday_only
AFL,2019-02-14,304800.04761904763,0.000232499900595,0.4636614452545816,300.0,0.0023104906018664843,0.5,0.2,60960.00952380953,14163790.685092553,60960.00952380953,830.3892498168585,0.004303933239282488,True,True,non_rolling_afs_day_only,afs,intraday_only
AFL,2019-02-15,304800.04761904763,0.000232499900595,0.4636614452545816,300.0,0.0023104906018664843,0.5,0.2,60960.00952380953,10329803.516285611,60960.00952380954,-59.75562674243258,0.005901371640583685,True,True,non_rolling_afs_day_only,afs,intraday_only
AFL,2019-02-19,304800.04761904763,0.000232499900595,0.4636614452545816,300.0,0.0023104906018664843,0.5,0.2,60960.00952380953,9620243.024279574,60960.009523809524,-139.7068443356472,0.006336639248089537,True,True,non_rolling_afs_day_only,afs,intraday_only
AFL,2019-02-20,304800.04761904763,0.000232499900595,0.4636614452545816,300.0,0.0023104906018664843,0.5,0.2,60960.00952380953,11544915.985332292,60960.009523809524,-560.7383475588327,0.005280247132266588,True,True,non_rolling_afs_day_only,afs,intraday_only
AFL,2019-02-21,304800.04761904763,0.000232499900595,0.4636614452545816,300.0,0.0023104906018664843,0.5,0.2,60960.00952380953,10124516.275590286,60960.00952380951,-189.80563755686634,0.006021029337547823,True,True,non_rolling_afs_day_only,afs,intraday_only
AFL,2019-02-22,304800.04761904763,0.000232499900595,0.4636614452545816,300.0,0.0023104906018664843,0.5,0.2,60960.00952380953,11977182.986062195,60960.00952380954,471.4019621927015,0.005089678398898011,True,True,non_rolling_afs_day_only,afs,intraday_only
AFL,2019-02-25,304800.04761904763,0.000232499900595,0.4636614452545816,300.0,0.0023104906018664843,0.5,0.2,60960.00952380953,11530954.516528059,60960.00952380954,552.4984255793904,0.005286640358907984,True,True,non_rolling_afs_day_only,afs,intraday_only
AFL,2019-02-26,304800.04761904763,0.000232499900595,0.4636614452545816,300.0,0.0023104906018664843,0.5,0.2,60960.00952380953,10027428.990573945,60960.009523809524,-228.07623706721355,0.00607932597489482,True,True,non_rolling_afs_day_only,afs,intraday_only
AFL,2019-02-27,304800.04761904763,0.000232499900595,0.4636614452545816,300.0,0.0023104906018664843,0.5,0.2,60960.00952380953,14505748.521166947,60960.00952380954,975.8546422889755,0.0042024725187298,True,True,non_rolling_afs_day_only,afs,intraday_only
AFL,2019-02-28,304800.04761904763,0.000232499900595,0.4636614452545816,300.0,0.0023104906018664843,0.5,0.2,60960.00952380953,10913278.444985466,60960.00952380953,0.16661224192205282,0.005585856700267736,True,True,non_rolling_afs_day_only,afs,intraday_only
AIG,2019-02-01,352603.8571428572,0.0003143205869681,0.4702709939346483,300.0,0.0023104906018664843,0.5,0.2,70520.77142857145,19839216.611721322,70520.77142857146,753.4426201405915,0.003554614721374969,True,True,non_rolling_afs_day_only,afs,intraday_only
AIG,2019-02-04,352603.8571428572,0.0003143205869681,0.4702709939346483,300.0,0.0023104906018664843,0.5,0.2,70520.77142857145,16405928.367742134,70520.77142857145,210.60917140155726,0.004298493193913467,True,True,non_rolling_afs_day_only,afs,intraday_only
AIG,2019-02-05,352603.8571428572,0.0003143205869681,0.4702709939346483,300.0,0.0023104906018664843,0.5,0.2,70520.77142857145,17029888.94174508,70520.77142857143,472.67478308707217,0.004141000077558055,True,True,non_rolling_afs_day_only,afs,intraday_only
AIG,2019-02-06,352603.8571428572,0.0003143205869681,0.4702709939346483,300.0,0.0023104906018664843,0.5,0.2,70520.77142857145,16631047.895271942,70520.77142857145,13.20104184635585,0.004240308360161711,True,True,non_rolling_afs_day_only,afs,intraday_only
AIG,2019-02-07,352603.8571428572,0.0003143205869681,0.4702709939346483,300.0,0.0023104906018664843,0.5,0.2,70520.77142857145,21475897.84028724,70520.77142857143,722.0290549993773,0.003283717027945605,True,True,non_rolling_afs_day_only,afs,intraday_only
AIG,2019-02-08,352603.8571428572,0.0003143205869681,0.4702709939346483,300.0,0.0023104906018664843,0.5,0.2,70520.77142857145,21082327.248597443,70520.77142857145,-901.149491702516,0.0033450183462673945,True,True,non_rolling_afs_day_only,afs,intraday_only
AIG,2019-02-11,352603.8571428572,0.0003143205869681,0.4702709939346483,300.0,0.0023104906018664843,0.5,0.2,70520.77142857145,17083166.999735203,70520.77142857146,18.749545551613437,0.004128085350313824,True,True,non_rolling_afs_day_only,afs,intraday_only
AIG,2019-02-12,352603.8571428572,0.0003143205869681,0.4702709939346483,300.0,0.0023104906018664843,0.5,0.2,70520.77142857145,35276347.48060801,70520.77142857143,1616.536813350616,0.0019990950442740105,True,True,non_rolling_afs_day_only,afs,intraday_only
AIG,2019-02-13,352603.8571428572,0.0003143205869681,0.4702709939346483,300.0,0.0023104906018664843,0.5,0.2,70520.77142857145,20280585.208154537,70520.77142857145,-1032.0164684831534,0.0034772552519942096,True,True,non_rolling_afs_day_only,afs,intraday_only
AIG,2019-02-14,352603.8571428572,0.0003143205869681,0.4702709939346483,300.0,0.0023104906018664843,0.5,0.2,70520.77142857145,22561776.458284225,70520.77142857145,-709.4757997967274,0.0031256745921120787,True,True,non_rolling_afs_day_only,afs,intraday_only
AIG,2019-02-15,352603.8571428572,0.0003143205869681,0.4702709939346483,300.0,0.0023104906018664843,0.5,0.2,70520.77142857145,18392770.28704775,70520.77142857143,264.8898292124631,0.0038341571350038774,True,True,non_rolling_afs_day_only,afs,intraday_only
AIG,2019-02-19,352603.8571428572,0.0003143205869681,0.4702709939346483,300.0,0.0023104906018664843,0.5,0.2,70520.77142857145,22279752.093637567,70520.77142857145,957.6011771653082,0.003165240399991258,True,True,non_rolling_afs_day_only,afs,intraday_only
AIG,2019-02-20,352603.8571428572,0.0003143205869681,0.4702709939346483,300.0,0.0023104906018664843,0.5,0.2,70520.77142857145,18608406.169100612,70520.77142857146,792.3772939396955,0.0037897265777480545,True,True,non_rolling_afs_day_only,afs,intraday_only
AIG,2019-02-21,352603.8571428572,0.0003143205869681,0.4702709939346483,300.0,0.0023104906018664843,0.5,0.2,70520.77142857145,20237627.76816394,70520.77142857143,-794.9682853615527,0.0034846362546260747,True,True,non_rolling_afs_day_only,afs,intraday_only
AIG,2019-02-22,352603.8571428572,0.0003143205869681,0.4702709939346483,300.0,0.0023104906018664843,0.5,0.2,70520.77142857145,16684469.172325224,70520.77142857143,-28.813201370383865,0.004226731501026433,True,True,non_rolling_afs_day_only,afs,intraday_only
AIG,2019-02-25,352603.8571428572,0.0003143205869681,0.4702709939346483,300.0,0.0023104906018664843,0.5,0.2,70520.77142857145,15841535.336565135,70520.77142857145,419.9340186589267,0.004451637415837891,True,True,non_rolling_afs_day_only,afs,intraday_only
AIG,2019-02-26,352603.8571428572,0.0003143205869681,0.4702709939346483,300.0,0.0023104906018664843,0.5,0.2,70520.77142857145,19702474.41063068,70520.77142857146,847.2992250460225,0.0035792850156182014,True,True,non_rolling_afs_day_only,afs,intraday_only
AIG,2019-02-27,352603.8571428572,0.0003143205869681,0.4702709939346483,300.0,0.0023104906018664843,0.5,0.2,70520.77142857145,33148513.23574017,70520.77142857145,1503.8910662878886,0.0021274188355614432,True,True,non_rolling_afs_day_only,afs,intraday_only
AIG,2019-02-28,352603.8571428572,0.0003143205869681,0.4702709939346483,300.0,0.0023104906018664843,0.5,0.2,70520.77142857145,31792449.658785027,70520.77142857143,1425.5036011805273,0.0022181609843041723,True,True,non_rolling_afs_day_only,afs,intraday_only
ALGN,2019-02-01,257176.61904761905,0.0005531453789446,0.653173959363055,300.0,0.0023104906018664843,0.5,0.2,51435.32380952381,9505094.486971904,51435.323809523805,224.27160099115994,0.005411342715216909,True,True,non_rolling_afs_day_only,afs,intraday_only
ALGN,2019-02-04,257176.61904761905,0.0005531453789446,0.653173959363055,300.0,0.0023104906018664843,0.5,0.2,51435.32380952381,9474792.883398771,51435.323809523805,427.84721422780666,0.005428648883675975,True,True,non_rolling_afs_day_only,afs,intraday_only
ALGN,2019-02-05,257176.61904761905,0.0005531453789446,0.653173959363055,300.0,0.0023104906018664843,0.5,0.2,51435.32380952381,9010963.597201629,51435.323809523805,99.41681933873676,0.005708082521329589,True,True,non_rolling_afs_day_only,afs,intraday_only
ALGN,2019-02-06,257176.61904761905,0.0005531453789446,0.653173959363055,300.0,0.0023104906018664843,0.5,0.2,51435.32380952381,10556767.67284602,51435.32380952381,449.4289421192138,0.004872260658139242,True,True,non_rolling_afs_day_only,afs,intraday_only
ALGN,2019-02-07,257176.61904761905,0.0005531453789446,0.653173959363055,300.0,0.0023104906018664843,0.5,0.2,51435.32380952381,10332861.823188446,51435.32380952382,-526.2917736532054,0.004977839120435682,True,True,non_rolling_afs_day_only,afs,intraday_only
ALGN,2019-02-08,257176.61904761905,0.0005531453789446,0.653173959363055,300.0,0.0023104906018664843,0.5,0.2,51435.32380952381,11506035.350817427,51435.32380952382,568.9991167852083,0.004470290785771806,True,True,non_rolling_afs_day_only,afs,intraday_only
ALGN,2019-02-11,257176.61904761905,0.0005531453789446,0.653173959363055,300.0,0.0023104906018664843,0.5,0.2,51435.32380952381,13203237.716200039,51435.323809523805,-715.4636517071749,0.0038956599066919755,True,True,non_rolling_afs_day_only,afs,intraday_only
ALGN,2019-02-12,257176.61904761905,0.0005531453789446,0.653173959363055,300.0,0.0023104906018664843,0.5,0.2,51435.32380952381,13787207.449024241,51435.32380952381,-941.6683943127118,0.003730655682065916,True,True,non_rolling_afs_day_only,afs,intraday_only
ALGN,2019-02-13,257176.61904761905,0.0005531453789446,0.653173959363055,300.0,0.0023104906018664843,0.5,0.2,51435.32380952381,13323761.07210409,51435.323809523805,-927.7751199816254,0.00386042075741014,True,True,non_rolling_afs_day_only,afs,intraday_only
ALGN,2019-02-14,257176.61904761905,0.0005531453789446,0.653173959363055,300.0,0.0023104906018664843,0.5,0.2,51435.32380952381,9324364.85476036,51435.32380952381,166.49040508677547,0.00551622814107972,True,True,non_rolling_afs_day_only,afs,intraday_only
ALGN,2019-02-15,257176.61904761905,0.0005531453789446,0.653173959363055,300.0,0.0023104906018664843,0.5,0.2,51435.32380952381,13827338.300525378,51435.32380952382,991.0100524725603,0.0037198282627951247,True,True,non_rolling_afs_day_only,afs,intraday_only
ALGN,2019-02-19,257176.61904761905,0.0005531453789446,0.653173959363055,300.0,0.0023104906018664843,0.5,0.2,51435.32380952381,10203351.993554866,51435.323809523805,441.214437691428,0.005041022189768017,True,True,non_rolling_afs_day_only,afs,intraday_only
ALGN,2019-02-20,257176.61904761905,0.0005531453789446,0.653173959363055,300.0,0.0023104906018664843,0.5,0.2,51435.32380952381,8971270.201789554,51435.32380952382,425.9510018828805,0.0057333379390650495,True,True,non_rolling_afs_day_only,afs,intraday_only
ALGN,2019-02-21,257176.61904761905,0.0005531453789446,0.653173959363055,300.0,0.0023104906018664843,0.5,0.2,51435.32380952381,14846497.497495363,51435.323809523805,963.4704555562153,0.0034644752958198433,True,True,non_rolling_afs_day_only,afs,intraday_only
ALGN,2019-02-22,257176.61904761905,0.0005531453789446,0.653173959363055,300.0,0.0023104906018664843,0.5,0.2,51435.32380952381,9100378.114115134,51435.323809523805,120.48268422760998,0.005651998539461245,True,True,non_rolling_afs_day_only,afs,intraday_only
ALGN,2019-02-25,257176.61904761905,0.0005531453789446,0.653173959363055,300.0,0.0023104906018664843,0.5,0.2,51435.32380952381,8122217.198910978,51435.32380952381,70.1682639070059,0.006332670322633114,True,True,non_rolling_afs_day_only,afs,intraday_only
ALGN,2019-02-26,257176.61904761905,0.0005531453789446,0.653173959363055,300.0,0.0023104906018664843,0.5,0.2,51435.32380952381,18483165.468255688,51435.32380952381,-1223.6285423880624,0.002782820069314562,True,True,non_rolling_afs_day_only,afs,intraday_only
ALGN,2019-02-27,257176.61904761905,0.0005531453789446,0.653173959363055,300.0,0.0023104906018664843,0.5,0.2,51435.32380952381,13526124.039026761,51435.32380952381,-960.0593656146599,0.0038026653948402436,True,True,non_rolling_afs_day_only,afs,intraday_only
ALGN,2019-02-28,257176.61904761905,0.0005531453789446,0.653173959363055,300.0,0.0023104906018664843,0.5,0.2,51435.32380952381,9152687.839010686,51435.323809523805,-26.48275380803929,0.005619696062428309,True,True,non_rolling_afs_day_only,afs,intraday_only
ALXN,2019-02-01,276546.71428571426,0.0004325249279626,0.5703035938585226,300.0,0.0023104906018664843,0.5,0.2,55309.34285714285,10416140.986241484,55309.34285714286,402.2665350438357,0.005309964883367083,True,True,non_rolling_afs_day_only,afs,intraday_only
ALXN,2019-02-04,276546.71428571426,0.0004325249279626,0.5703035938585226,300.0,0.0023104906018664843,0.5,0.2,55309.34285714285,11023032.191968087,55309.34285714285,166.71719944492443,0.0050176160147154345,True,True,non_rolling_afs_day_only,afs,intraday_only
ALXN,2019-02-05,276546.71428571426,0.0004325249279626,0.5703035938585226,300.0,0.0023104906018664843,0.5,0.2,55309.34285714285,12739576.914139036,55309.34285714285,362.4081546153682,0.004341536868132387,True,True,non_rolling_afs_day_only,afs,intraday_only
ALXN,2019-02-06,276546.71428571426,0.0004325249279626,0.5703035938585226,300.0,0.0023104906018664843,0.5,0.2,55309.34285714285,12063591.094959833,55309.34285714284,182.1787607430556,0.004584815783440396,True,True,non_rolling_afs_day_only,afs,intraday_only
ALXN,2019-02-07,276546.71428571426,0.0004325249279626,0.5703035938585226,300.0,0.0023104906018664843,0.5,0.2,55309.34285714285,12234046.276620187,55309.34285714285,-48.44424721937229,0.00452093621411597,True,True,non_rolling_afs_day_only,afs,intraday_only
ALXN,2019-02-08,276546.71428571426,0.0004325249279626,0.5703035938585226,300.0,0.0023104906018664843,0.5,0.2,55309.34285714285,21408394.372798264,55309.34285714286,-1133.804573028927,0.0025835353130181263,True,True,non_rolling_afs_day_only,afs,intraday_only
ALXN,2019-02-11,276546.71428571426,0.0004325249279626,0.5703035938585226,300.0,0.0023104906018664843,0.5,0.2,55309.34285714285,19315136.39855046,55309.34285714285,-1018.5552803946991,0.0028635232863948945,True,True,non_rolling_afs_day_only,afs,intraday_only
ALXN,2019-02-12,276546.71428571426,0.0004325249279626,0.5703035938585226,300.0,0.0023104906018664843,0.5,0.2,55309.34285714285,12659564.62644497,55309.34285714285,448.6275893085359,0.004368976697793019,True,True,non_rolling_afs_day_only,afs,intraday_only
ALXN,2019-02-13,276546.71428571426,0.0004325249279626,0.5703035938585226,300.0,0.0023104906018664843,0.5,0.2,55309.34285714285,12601690.070913762,55309.342857142845,581.3858842823183,0.004389041671863012,True,True,non_rolling_afs_day_only,afs,intraday_only
ALXN,2019-02-14,276546.71428571426,0.0004325249279626,0.5703035938585226,300.0,0.0023104906018664843,0.5,0.2,55309.34285714285,14565280.778200129,55309.34285714285,850.6115544880467,0.00379734134201686,True,True,non_rolling_afs_day_only,afs,intraday_only
ALXN,2019-02-15,276546.71428571426,0.0004325249279626,0.5703035938585226,300.0,0.0023104906018664843,0.5,0.2,55309.34285714285,11849750.223705977,55309.34285714285,287.07989847982765,0.004667553476907381,True,True,non_rolling_afs_day_only,afs,intraday_only
ALXN,2019-02-19,276546.71428571426,0.0004325249279626,0.5703035938585226,300.0,0.0023104906018664843,0.5,0.2,55309.34285714285,13923007.211286742,55309.34285714285,801.8314531458427,0.003972514128435279,True,True,non_rolling_afs_day_only,afs,intraday_only
ALXN,2019-02-20,276546.71428571426,0.0004325249279626,0.5703035938585226,300.0,0.0023104906018664843,0.5,0.2,55309.34285714285,10810495.348002512,55309.34285714285,63.21916318940217,0.005116263508439743,True,True,non_rolling_afs_day_only,afs,intraday_only
ALXN,2019-02-21,276546.71428571426,0.0004325249279626,0.5703035938585226,300.0,0.0023104906018664843,0.5,0.2,55309.34285714285,10508884.649050593,55309.34285714285,-244.1997362725022,0.005263103050820876,True,True,non_rolling_afs_day_only,afs,intraday_only
ALXN,2019-02-22,276546.71428571426,0.0004325249279626,0.5703035938585226,300.0,0.0023104906018664843,0.5,0.2,55309.34285714285,10098484.23767037,55309.34285714285,-33.04879374585008,0.0054769945226851415,True,True,non_rolling_afs_day_only,afs,intraday_only
ALXN,2019-02-25,276546.71428571426,0.0004325249279626,0.5703035938585226,300.0,0.0023104906018664843,0.5,0.2,55309.34285714285,9804196.275319409,55309.34285714286,-97.57801048194943,0.0056413948990776345,True,True,non_rolling_afs_day_only,afs,intraday_only
ALXN,2019-02-26,276546.71428571426,0.0004325249279626,0.5703035938585226,300.0,0.0023104906018664843,0.5,0.2,55309.34285714285,11645890.757239308,55309.342857142845,742.7425178076211,0.004749258258563134,True,True,non_rolling_afs_day_only,afs,intraday_only
ALXN,2019-02-27,276546.71428571426,0.0004325249279626,0.5703035938585226,300.0,0.0023104906018664843,0.5,0.2,55309.34285714285,8843202.989279125,55309.34285714285,-121.708325522054,0.006254446824775593,True,True,non_rolling_afs_day_only,afs,intraday_only
ALXN,2019-02-28,276546.71428571426,0.0004325249279626,0.5703035938585226,300.0,0.0023104906018664843,0.5,0.2,55309.34285714285,8879400.008086666,55309.34285714287,130.76717581650462,0.006228950470388924,True,True,non_rolling_afs_day_only,afs,intraday_only
AMAT,2019-02-01,1332595.2857142857,0.0004453378386483,0.6511829889211647,300.0,0.0023104906018664843,0.5,0.2,266519.0571428572,48231193.954805195,266519.05714285723,-2455.3215458798977,0.005525864804271641,True,True,non_rolling_afs_day_only,afs,intraday_only
AMAT,2019-02-04,1332595.2857142857,0.0004453378386483,0.6511829889211647,300.0,0.0023104906018664843,0.5,0.2,266519.0571428572,55877055.68724315,266519.0571428572,4006.5437749595612,0.004769740528825037,True,True,non_rolling_afs_day_only,afs,intraday_only
AMAT,2019-02-05,1332595.2857142857,0.0004453378386483,0.6511829889211647,300.0,0.0023104906018664843,0.5,0.2,266519.0571428572,48484592.32729196,266519.0571428571,-3124.1117629380315,0.005496984595513113,True,True,non_rolling_afs_day_only,afs,intraday_only
AMAT,2019-02-06,1332595.2857142857,0.0004453378386483,0.6511829889211647,300.0,0.0023104906018664843,0.5,0.2,266519.0571428572,54445856.97839795,266519.05714285723,4667.494681186864,0.00489512098686594,True,True,non_rolling_afs_day_only,afs,intraday_only
AMAT,2019-02-07,1332595.2857142857,0.0004453378386483,0.6511829889211647,300.0,0.0023104906018664843,0.5,0.2,266519.0571428572,44465200.1271117,266519.05714285723,-3400.322334552022,0.005993879626786002,True,True,non_rolling_afs_day_only,afs,intraday_only
AMAT,2019-02-08,1332595.2857142857,0.0004453378386483,0.6511829889211647,300.0,0.0023104906018664843,0.5,0.2,266519.0571428572,45993745.91309476,266519.05714285723,3076.7438471385217,0.005794680382120762,True,True,non_rolling_afs_day_only,afs,intraday_only
AMAT,2019-02-11,1332595.2857142857,0.0004453378386483,0.6511829889211647,300.0,0.0023104906018664843,0.5,0.2,266519.0571428572,39227168.89887569,266519.05714285723,-1738.6816782468136,0.006794246554726411,True,True,non_rolling_afs_day_only,afs,intraday_only
AMAT,2019-02-12,1332595.2857142857,0.0004453378386483,0.6511829889211647,300.0,0.0023104906018664843,0.5,0.2,266519.0571428572,42024002.58571153,266519.0571428572,-1446.746115496652,0.006342067407769378,True,True,non_rolling_afs_day_only,afs,intraday_only
AMAT,2019-02-13,1332595.2857142857,0.0004453378386483,0.6511829889211647,300.0,0.0023104906018664843,0.5,0.2,266519.0571428572,39822936.088486515,266519.0571428572,2416.1741325494077,0.006692601885271647,True,True,non_rolling_afs_day_only,afs,intraday_only
AMAT,2019-02-14,1332595.2857142857,0.0004453378386483,0.6511829889211647,300.0,0.0023104906018664843,0.5,0.2,266519.0571428572,53027660.3225241,266519.0571428572,-4585.912523136032,0.00502603840188005,True,True,non_rolling_afs_day_only,afs,intraday_only
AMAT,2019-02-15,1332595.2857142857,0.0004453378386483,0.6511829889211647,300.0,0.0023104906018664843,0.5,0.2,266519.0571428572,57413234.19375603,266519.0571428572,-4413.806681384228,0.0046421188578824645,True,True,non_rolling_afs_day_only,afs,intraday_only
AMAT,2019-02-19,1332595.2857142857,0.0004453378386483,0.6511829889211647,300.0,0.0023104906018664843,0.5,0.2,266519.0571428572,39578089.582366735,266519.0571428572,647.8394002503246,0.006734005101186078,True,True,non_rolling_afs_day_only,afs,intraday_only
AMAT,2019-02-20,1332595.2857142857,0.0004453378386483,0.6511829889211647,300.0,0.0023104906018664843,0.5,0.2,266519.0571428572,58954776.03291443,266519.0571428572,-5117.19712131116,0.004520737335921007,True,True,non_rolling_afs_day_only,afs,intraday_only
AMAT,2019-02-21,1332595.2857142857,0.0004453378386483,0.6511829889211647,300.0,0.0023104906018664843,0.5,0.2,266519.0571428572,38968736.2601915,266519.0571428572,11.200350328339795,0.006839304599546884,True,True,non_rolling_afs_day_only,afs,intraday_only
AMAT,2019-02-22,1332595.2857142857,0.0004453378386483,0.6511829889211647,300.0,0.0023104906018664843,0.5,0.2,266519.0571428572,53881293.181457505,266519.0571428572,-3679.185451862664,0.004946411665460472,True,True,non_rolling_afs_day_only,afs,intraday_only
AMAT,2019-02-25,1332595.2857142857,0.0004453378386483,0.6511829889211647,300.0,0.0023104906018664843,0.5,0.2,266519.0571428572,42927848.16788749,266519.0571428572,-2664.2104860149425,0.0062085352170582085,True,True,non_rolling_afs_day_only,afs,intraday_only
AMAT,2019-02-26,1332595.2857142857,0.0004453378386483,0.6511829889211647,300.0,0.0023104906018664843,0.5,0.2,266519.0571428572,39036901.508167,266519.0571428572,513.4208759024068,0.006827361979205704,True,True,non_rolling_afs_day_only,afs,intraday_only
AMAT,2019-02-27,1332595.2857142857,0.0004453378386483,0.6511829889211647,300.0,0.0023104906018664843,0.5,0.2,266519.0571428572,75274396.34631301,266519.0571428572,-5968.794037980378,0.003540633602914458,True,True,non_rolling_afs_day_only,afs,intraday_only
AMAT,2019-02-28,1332595.2857142857,0.0004453378386483,0.6511829889211647,300.0,0.0023104906018664843,0.5,0.2,266519.0571428572,55879892.32454087,266519.0571428572,4203.940520142531,0.0047694984019468045,True,True,non_rolling_afs_day_only,afs,intraday_only
AMD,2019-02-01,9240929.23809524,0.0007047122925485,1.2514084442074511,300.0,0.0023104906018664843,0.5,0.2,1848185.8476190483,112020460.597512,1848185.847619048,-4998.861972596749,0.016498645316765433,True,True,non_rolling_afs_day_only,afs,intraday_only
AMD,2019-02-04,9240929.23809524,0.0007047122925485,1.2514084442074511,300.0,0.0023104906018664843,0.5,0.2,1848185.8476190483,114818323.3975743,1848185.8476190483,17881.625887313017,0.016096610653505622,True,True,non_rolling_afs_day_only,afs,intraday_only
AMD,2019-02-05,9240929.23809524,0.0007047122925485,1.2514084442074511,300.0,0.0023104906018664843,0.5,0.2,1848185.8476190483,131498035.29456604,1848185.8476190483,20629.22699735257,0.014054855218779241,True,True,non_rolling_afs_day_only,afs,intraday_only
AMD,2019-02-06,9240929.23809524,0.0007047122925485,1.2514084442074511,300.0,0.0023104906018664843,0.5,0.2,1848185.8476190483,137017641.6552806,1848185.8476190486,19536.87553996325,0.013488670694455937,True,True,non_rolling_afs_day_only,afs,intraday_only
AMD,2019-02-07,9240929.23809524,0.0007047122925485,1.2514084442074511,300.0,0.0023104906018664843,0.5,0.2,1848185.8476190483,123185531.16159508,1848185.8476190483,76.91602148708262,0.015003270515549377,True,True,non_rolling_afs_day_only,afs,intraday_only
AMD,2019-02-08,9240929.23809524,0.0007047122925485,1.2514084442074511,300.0,0.0023104906018664843,0.5,0.2,1848185.8476190483,122043340.70008321,1848185.8476190483,-15396.070585869655,0.015143684505989503,True,True,non_rolling_afs_day_only,afs,intraday_only
AMD,2019-02-11,9240929.23809524,0.0007047122925485,1.2514084442074511,300.0,0.0023104906018664843,0.5,0.2,1848185.8476190483,194198841.29948038,1848185.8476190486,-36901.164185447895,0.009516976698995339,True,True,non_rolling_afs_day_only,afs,intraday_only
AMD,2019-02-12,9240929.23809524,0.0007047122925485,1.2514084442074511,300.0,0.0023104906018664843,0.5,0.2,1848185.8476190483,121417360.8717742,1848185.847619048,-17949.22003122142,0.015221759346020299,True,True,non_rolling_afs_day_only,afs,intraday_only
AMD,2019-02-13,9240929.23809524,0.0007047122925485,1.2514084442074511,300.0,0.0023104906018664843,0.5,0.2,1848185.8476190483,116572867.78604436,1848185.8476190483,-8488.814069146414,0.0158543397166069,True,True,non_rolling_afs_day_only,afs,intraday_only
AMD,2019-02-14,9240929.23809524,0.0007047122925485,1.2514084442074511,300.0,0.0023104906018664843,0.5,0.2,1848185.8476190483,189950856.87942237,1848185.8476190483,37976.571887747705,0.009729810530900874,True,True,non_rolling_afs_day_only,afs,intraday_only
AMD,2019-02-15,9240929.23809524,0.0007047122925485,1.2514084442074511,300.0,0.0023104906018664843,0.5,0.2,1848185.8476190483,137069485.94321102,1848185.8476190483,23235.380340190048,0.013483568825703238,True,True,non_rolling_afs_day_only,afs,intraday_only
AMD,2019-02-19,9240929.23809524,0.0007047122925485,1.2514084442074511,300.0,0.0023104906018664843,0.5,0.2,1848185.8476190483,99381718.58856784,1848185.8476190486,177.6256580930467,0.018596839276551317,True,True,non_rolling_afs_day_only,afs,intraday_only
AMD,2019-02-20,9240929.23809524,0.0007047122925485,1.2514084442074511,300.0,0.0023104906018664843,0.5,0.2,1848185.8476190483,143763152.70585334,1848185.8476190483,28723.3364283088,0.012855768761558323,True,True,non_rolling_afs_day_only,afs,intraday_only
AMD,2019-02-21,9240929.23809524,0.0007047122925485,1.2514084442074511,300.0,0.0023104906018664843,0.5,0.2,1848185.8476190483,142785624.56242818,1848185.8476190483,-26951.977851314397,0.01294378095331993,True,True,non_rolling_afs_day_only,afs,intraday_only
AMD,2019-02-22,9240929.23809524,0.0007047122925485,1.2514084442074511,300.0,0.0023104906018664843,0.5,0.2,1848185.8476190483,245518471.02228117,1848185.8476190486,44844.06528503431,0.007527685554262525,True,True,non_rolling_afs_day_only,afs,intraday_only
AMD,2019-02-25,9240929.23809524,0.0007047122925485,1.2514084442074511,300.0,0.0023104906018664843,0.5,0.2,1848185.8476190483,143884828.01084927,1848185.8476190479,-31757.816974932437,0.012844897361101134,True,True,non_rolling_afs_day_only,afs,intraday_only
AMD,2019-02-26,9240929.23809524,0.0007047122925485,1.2514084442074511,300.0,0.0023104906018664843,0.5,0.2,1848185.8476190483,92863061.69233394,1848185.8476190483,-478.284029290691,0.01990227130074929,True,True,non_rolling_afs_day_only,afs,intraday_only
AMD,2019-02-27,9240929.23809524,0.0007047122925485,1.2514084442074511,300.0,0.0023104906018664843,0.5,0.2,1848185.8476190483,112847894.3185474,1848185.8476190483,-6276.4112457205665,0.016377672430484023,True,True,non_rolling_afs_day_only,afs,intraday_only
AMD,2019-02-28,9240929.23809524,0.0007047122925485,1.2514084442074511,300.0,0.0023104906018664843,0.5,0.2,1848185.8476190483,111865588.43181157,1848185.8476190483,-5469.157060954247,0.016521486844416167,True,True,non_rolling_afs_day_only,afs,intraday_only
AMGN,2019-02-01,542303.8571428572,0.0002657595047032,0.6121899954334912,300.0,0.0023104906018664843,0.5,0.2,108460.77142857143,18417532.739093706,108460.77142857143,1456.3686571838884,0.005888995717561493,True,True,non_rolling_afs_day_only,afs,intraday_only
AMGN,2019-02-04,542303.8571428572,0.0002657595047032,0.6121899954334912,300.0,0.0023104906018664843,0.5,0.2,108460.77142857143,15648695.793172855,108460.77142857143,98.63777118396231,0.006930978329573652,True,True,non_rolling_afs_day_only,afs,intraday_only
AMGN,2019-02-05,542303.8571428572,0.0002657595047032,0.6121899954334912,300.0,0.0023104906018664843,0.5,0.2,108460.77142857143,19403822.334962662,108460.7714285714,1274.7760197519021,0.0055896600966677595,True,True,non_rolling_afs_day_only,afs,intraday_only
AMGN,2019-02-06,542303.8571428572,0.0002657595047032,0.6121899954334912,300.0,0.0023104906018664843,0.5,0.2,108460.77142857143,24917288.454998437,108460.7714285714,1929.155028611735,0.00435283203565491,True,True,non_rolling_afs_day_only,afs,intraday_only
AMGN,2019-02-07,542303.8571428572,0.0002657595047032,0.6121899954334912,300.0,0.0023104906018664843,0.5,0.2,108460.77142857143,18430402.72337628,108460.77142857143,-1124.7638296906268,0.00588488342096859,True,True,non_rolling_afs_day_only,afs,intraday_only
AMGN,2019-02-08,542303.8571428572,0.0002657595047032,0.6121899954334912,300.0,0.0023104906018664843,0.5,0.2,108460.77142857143,19146315.67239938,108460.77142857142,1018.7412281204879,0.005664837730891718,True,True,non_rolling_afs_day_only,afs,intraday_only
AMGN,2019-02-11,542303.8571428572,0.0002657595047032,0.6121899954334912,300.0,0.0023104906018664843,0.5,0.2,108460.77142857143,17969957.532432232,108460.77142857143,-1017.8609928966578,0.006035672106226245,True,True,non_rolling_afs_day_only,afs,intraday_only
AMGN,2019-02-12,542303.8571428572,0.0002657595047032,0.6121899954334912,300.0,0.0023104906018664843,0.5,0.2,108460.77142857143,30447411.704524238,108460.77142857143,2413.5706322767364,0.0035622328912922026,True,True,non_rolling_afs_day_only,afs,intraday_only
AMGN,2019-02-13,542303.8571428572,0.0002657595047032,0.6121899954334912,300.0,0.0023104906018664843,0.5,0.2,108460.77142857143,17238238.736630246,108460.77142857143,-1041.37663916553,0.0062918708277370965,True,True,non_rolling_afs_day_only,afs,intraday_only
AMGN,2019-02-14,542303.8571428572,0.0002657595047032,0.6121899954334912,300.0,0.0023104906018664843,0.5,0.2,108460.77142857143,20010737.226756103,108460.7714285714,1536.2038776059856,0.005420128713876164,True,True,non_rolling_afs_day_only,afs,intraday_only
AMGN,2019-02-15,542303.8571428572,0.0002657595047032,0.6121899954334912,300.0,0.0023104906018664843,0.5,0.2,108460.77142857143,17450713.938314926,108460.77142857143,881.4779193313607,0.006215262699965192,True,True,non_rolling_afs_day_only,afs,intraday_only
AMGN,2019-02-19,542303.8571428572,0.0002657595047032,0.6121899954334912,300.0,0.0023104906018664843,0.5,0.2,108460.77142857143,16528791.596212927,108460.77142857143,554.4382838291026,0.006561929878371867,True,True,non_rolling_afs_day_only,afs,intraday_only
AMGN,2019-02-20,542303.8571428572,0.0002657595047032,0.6121899954334912,300.0,0.0023104906018664843,0.5,0.2,108460.77142857143,19213654.300553545,108460.77142857143,1400.9271926011693,0.005644984016676446,True,True,non_rolling_afs_day_only,afs,intraday_only
AMGN,2019-02-21,542303.8571428572,0.0002657595047032,0.6121899954334912,300.0,0.0023104906018664843,0.5,0.2,108460.77142857143,21683095.622335576,108460.77142857143,1525.4908645563837,0.005002088876868988,True,True,non_rolling_afs_day_only,afs,intraday_only
AMGN,2019-02-22,542303.8571428572,0.0002657595047032,0.6121899954334912,300.0,0.0023104906018664843,0.5,0.2,108460.77142857143,27426208.383183975,108460.77142857145,-2018.9073408984734,0.003954639661203506,True,True,non_rolling_afs_day_only,afs,intraday_only
AMGN,2019-02-25,542303.8571428572,0.0002657595047032,0.6121899954334912,300.0,0.0023104906018664843,0.5,0.2,108460.77142857143,17850521.996961538,108460.77142857143,1217.009176076128,0.006076056008167901,True,True,non_rolling_afs_day_only,afs,intraday_only
AMGN,2019-02-26,542303.8571428572,0.0002657595047032,0.6121899954334912,300.0,0.0023104906018664843,0.5,0.2,108460.77142857143,20727076.232693315,108460.77142857143,-1521.338857002384,0.005232806123301349,True,True,non_rolling_afs_day_only,afs,intraday_only
AMGN,2019-02-27,542303.8571428572,0.0002657595047032,0.6121899954334912,300.0,0.0023104906018664843,0.5,0.2,108460.77142857143,17242238.2162447,108460.77142857143,-1164.8717747843052,0.006290411376313406,True,True,non_rolling_afs_day_only,afs,intraday_only
AMGN,2019-02-28,542303.8571428572,0.0002657595047032,0.6121899954334912,300.0,0.0023104906018664843,0.5,0.2,108460.77142857143,18384328.223242424,108460.77142857143,1170.7892488419538,0.005899632018723952,True,True,non_rolling_afs_day_only,afs,intraday_only
AMZN,2019-02-01,636814.1428571428,0.0003267894702955,0.9004282299437079,300.0,0.0023104906018664843,0.5,0.2,127362.82857142857,12823565.008750279,127362.82857142859,2123.2010421924138,0.009931936125759207,True,True,non_rolling_afs_day_only,afs,intraday_only
AMZN,2019-02-04,636814.1428571428,0.0003267894702955,0.9004282299437079,300.0,0.0023104906018664843,0.5,0.2,127362.82857142857,10408058.441961192,127362.82857142857,-850.3586207574635,0.012236944025789846,True,True,non_rolling_afs_day_only,afs,intraday_only
AMZN,2019-02-05,636814.1428571428,0.0003267894702955,0.9004282299437079,300.0,0.0023104906018664843,0.5,0.2,127362.82857142857,8568999.000583043,127362.82857142854,-369.96425107042285,0.014863209642428793,True,True,non_rolling_afs_day_only,afs,intraday_only
AMZN,2019-02-06,636814.1428571428,0.0003267894702955,0.9004282299437079,300.0,0.0023104906018664843,0.5,0.2,127362.82857142857,10298139.445107494,127362.82857142859,-1288.5320856340684,0.012367557193249789,True,True,non_rolling_afs_day_only,afs,intraday_only
AMZN,2019-02-07,636814.1428571428,0.0003267894702955,0.9004282299437079,300.0,0.0023104906018664843,0.5,0.2,127362.82857142857,9779777.739367155,127362.82857142857,816.9423591171492,0.013023080070495565,True,True,non_rolling_afs_day_only,afs,intraday_only
AMZN,2019-02-08,636814.1428571428,0.0003267894702955,0.9004282299437079,300.0,0.0023104906018664843,0.5,0.2,127362.82857142857,10087440.70580894,127362.82857142859,-484.9935586618981,0.012625881260257182,True,True,non_rolling_afs_day_only,afs,intraday_only
AMZN,2019-02-11,636814.1428571428,0.0003267894702955,0.9004282299437079,300.0,0.0023104906018664843,0.5,0.2,127362.82857142857,10892522.531160686,127362.82857142854,-1286.5190895960668,0.011692684427053191,True,True,non_rolling_afs_day_only,afs,intraday_only
AMZN,2019-02-12,636814.1428571428,0.0003267894702955,0.9004282299437079,300.0,0.0023104906018664843,0.5,0.2,127362.82857142857,9706065.758047748,127362.82857142859,-552.5433217825389,0.013121982865799787,True,True,non_rolling_afs_day_only,afs,intraday_only
AMZN,2019-02-13,636814.1428571428,0.0003267894702955,0.9004282299437079,300.0,0.0023104906018664843,0.5,0.2,127362.82857142857,9605241.567901028,127362.82857142857,-280.89965748418297,0.013259721545895524,True,True,non_rolling_afs_day_only,afs,intraday_only
AMZN,2019-02-14,636814.1428571428,0.0003267894702955,0.9004282299437079,300.0,0.0023104906018664843,0.5,0.2,127362.82857142857,10611631.565791965,127362.82857142857,-1497.6013148811035,0.012002190971461914,True,True,non_rolling_afs_day_only,afs,intraday_only
AMZN,2019-02-15,636814.1428571428,0.0003267894702955,0.9004282299437079,300.0,0.0023104906018664843,0.5,0.2,127362.82857142857,12863647.802977402,127362.82857142856,1536.0741034504326,0.009900988469378752,True,True,non_rolling_afs_day_only,afs,intraday_only
AMZN,2019-02-19,636814.1428571428,0.0003267894702955,0.9004282299437079,300.0,0.0023104906018664843,0.5,0.2,127362.82857142857,9515498.160489451,127362.82857142854,-445.2634038430873,0.013384777803885086,True,True,non_rolling_afs_day_only,afs,intraday_only
AMZN,2019-02-20,636814.1428571428,0.0003267894702955,0.9004282299437079,300.0,0.0023104906018664843,0.5,0.2,127362.82857142857,10454002.268332388,127362.82857142857,1263.9492895208555,0.012183164428540474,True,True,non_rolling_afs_day_only,afs,intraday_only
AMZN,2019-02-21,636814.1428571428,0.0003267894702955,0.9004282299437079,300.0,0.0023104906018664843,0.5,0.2,127362.82857142857,9634966.86424054,127362.82857142859,593.7160935525516,0.01321881334580674,True,True,non_rolling_afs_day_only,afs,intraday_only
AMZN,2019-02-22,636814.1428571428,0.0003267894702955,0.9004282299437079,300.0,0.0023104906018664843,0.5,0.2,127362.82857142857,9359825.572982764,127362.82857142859,-44.26317669272464,0.013607393383383418,True,True,non_rolling_afs_day_only,afs,intraday_only
AMZN,2019-02-25,636814.1428571428,0.0003267894702955,0.9004282299437079,300.0,0.0023104906018664843,0.5,0.2,127362.82857142857,9548693.037121857,127362.8285714286,-104.8109821331733,0.013338247242453818,True,True,non_rolling_afs_day_only,afs,intraday_only
AMZN,2019-02-26,636814.1428571428,0.0003267894702955,0.9004282299437079,300.0,0.0023104906018664843,0.5,0.2,127362.82857142857,14636841.907225922,127362.82857142857,2206.624302842571,0.008701523824517913,True,True,non_rolling_afs_day_only,afs,intraday_only
AMZN,2019-02-27,636814.1428571428,0.0003267894702955,0.9004282299437079,300.0,0.0023104906018664843,0.5,0.2,127362.82857142857,14316740.694243312,127362.82857142857,2242.4302927243857,0.008896077067501859,True,True,non_rolling_afs_day_only,afs,intraday_only
AMZN,2019-02-28,636814.1428571428,0.0003267894702955,0.9004282299437079,300.0,0.0023104906018664843,0.5,0.2,127362.82857142857,9126450.94610931,127362.82857142856,412.82836340680853,0.013955351244803932,True,True,non_rolling_afs_day_only,afs,intraday_only
APA,2019-02-01,448791.2380952381,0.0004688084821136,0.6312982647318527,300.0,0.0023104906018664843,0.5,0.2,89758.24761904763,16044438.507202372,89758.24761904762,-141.5031815832075,0.0055943526835641535,True,True,non_rolling_afs_day_only,afs,intraday_only
APA,2019-02-04,448791.2380952381,0.0004688084821136,0.6312982647318527,300.0,0.0023104906018664843,0.5,0.2,89758.24761904763,16083529.001729704,89758.24761904764,164.00671097516766,0.005580755791182058,True,True,non_rolling_afs_day_only,afs,intraday_only
APA,2019-02-05,448791.2380952381,0.0004688084821136,0.6312982647318527,300.0,0.0023104906018664843,0.5,0.2,89758.24761904763,23866438.069605086,89758.24761904762,-1109.3989320580076,0.003760856452784152,True,True,non_rolling_afs_day_only,afs,intraday_only
APA,2019-02-06,448791.2380952381,0.0004688084821136,0.6312982647318527,300.0,0.0023104906018664843,0.5,0.2,89758.24761904763,20022743.756592788,89758.24761904762,788.1206837150694,0.004482814578770873,True,True,non_rolling_afs_day_only,afs,intraday_only
APA,2019-02-07,448791.2380952381,0.0004688084821136,0.6312982647318527,300.0,0.0023104906018664843,0.5,0.2,89758.24761904763,18774027.838148143,89758.24761904763,95.24261665348513,0.004780979787228297,True,True,non_rolling_afs_day_only,afs,intraday_only
APA,2019-02-08,448791.2380952381,0.0004688084821136,0.6312982647318527,300.0,0.0023104906018664843,0.5,0.2,89758.24761904763,22752826.434779324,89758.24761904763,-999.536020248314,0.003944927364357939,True,True,non_rolling_afs_day_only,afs,intraday_only
APA,2019-02-11,448791.2380952381,0.0004688084821136,0.6312982647318527,300.0,0.0023104906018664843,0.5,0.2,89758.24761904763,31417832.684809722,89758.24761904762,1635.0394202686443,0.002856920415851761,True,True,non_rolling_afs_day_only,afs,intraday_only
APA,2019-02-12,448791.2380952381,0.0004688084821136,0.6312982647318527,300.0,0.0023104906018664843,0.5,0.2,89758.24761904763,19242464.290161278,89758.24761904764,710.8634035580546,0.004664592136722387,True,True,non_rolling_afs_day_only,afs,intraday_only
APA,2019-02-13,448791.2380952381,0.0004688084821136,0.6312982647318527,300.0,0.0023104906018664843,0.5,0.2,89758.24761904763,36429548.839844696,89758.24761904763,2114.6200320440416,0.002463885787157343,True,True,non_rolling_afs_day_only,afs,intraday_only
APA,2019-02-14,448791.2380952381,0.0004688084821136,0.6312982647318527,300.0,0.0023104906018664843,0.5,0.2,89758.24761904763,17536861.23090432,89758.24761904764,-189.29414214201182,0.00511826183928919,True,True,non_rolling_afs_day_only,afs,intraday_only
APA,2019-02-15,448791.2380952381,0.0004688084821136,0.6312982647318527,300.0,0.0023104906018664843,0.5,0.2,89758.24761904763,18813350.54793003,89758.24761904763,-847.5717613400983,0.00477098682610384,True,True,non_rolling_afs_day_only,afs,intraday_only
APA,2019-02-19,448791.2380952381,0.0004688084821136,0.6312982647318527,300.0,0.0023104906018664843,0.5,0.2,89758.24761904763,15769363.350859338,89758.24761904762,-200.1363216935863,0.005691938578747779,True,True,non_rolling_afs_day_only,afs,intraday_only
APA,2019-02-20,448791.2380952381,0.0004688084821136,0.6312982647318527,300.0,0.0023104906018664843,0.5,0.2,89758.24761904763,25300594.17885662,89758.24761904763,1785.7199123709754,0.003547673504603202,True,True,non_rolling_afs_day_only,afs,intraday_only
APA,2019-02-21,448791.2380952381,0.0004688084821136,0.6312982647318527,300.0,0.0023104906018664843,0.5,0.2,89758.24761904763,23328792.275325034,89758.24761904763,-1749.7772257613374,0.003847530834846745,True,True,non_rolling_afs_day_only,afs,intraday_only
APA,2019-02-22,448791.2380952381,0.0004688084821136,0.6312982647318527,300.0,0.0023104906018664843,0.5,0.2,89758.24761904763,17008739.593946103,89758.24761904763,-962.5305944670304,0.0052771839514196076,True,True,non_rolling_afs_day_only,afs,intraday_only
APA,2019-02-25,448791.2380952381,0.0004688084821136,0.6312982647318527,300.0,0.0023104906018664843,0.5,0.2,89758.24761904763,17248476.74656723,89758.24761904764,-280.25554478257686,0.005203836195965026,True,True,non_rolling_afs_day_only,afs,intraday_only
APA,2019-02-26,448791.2380952381,0.0004688084821136,0.6312982647318527,300.0,0.0023104906018664843,0.5,0.2,89758.24761904763,16721407.465310281,89758.24761904762,-219.83737055708832,0.005367864386132407,True,True,non_rolling_afs_day_only,afs,intraday_only
APA,2019-02-27,448791.2380952381,0.0004688084821136,0.6312982647318527,300.0,0.0023104906018664843,0.5,0.2,89758.24761904763,18834768.006785348,89758.24761904763,940.2677183582639,0.004765561624476162,True,True,non_rolling_afs_day_only,afs,intraday_only
APA,2019-02-28,448791.2380952381,0.0004688084821136,0.6312982647318527,300.0,0.0023104906018664843,0.5,0.2,89758.24761904763,19064284.281929627,89758.24761904764,1020.0259885598597,0.004708188688946816,True,True,non_rolling_afs_day_only,afs,intraday_only
APC,2019-02-01,398272.2380952381,0.0003848964931289,0.538800692338649,300.0,0.0023104906018664843,0.5,0.2,79654.44761904763,17579467.225421224,79654.44761904763,290.42003979936123,0.004531107035135931,True,True,non_rolling_afs_day_only,afs,intraday_only
APC,2019-02-04,398272.2380952381,0.0003848964931289,0.538800692338649,300.0,0.0023104906018664843,0.5,0.2,79654.44761904763,21017522.55077006,79654.44761904763,974.1228352739008,0.0037899066089561147,True,True,non_rolling_afs_day_only,afs,intraday_only
APC,2019-02-05,398272.2380952381,0.0003848964931289,0.538800692338649,300.0,0.0023104906018664843,0.5,0.2,79654.44761904763,18242990.087852716,79654.44761904761,-280.5741189913643,0.00436630438516142,True,True,non_rolling_afs_day_only,afs,intraday_only
APC,2019-02-06,398272.2380952381,0.0003848964931289,0.538800692338649,300.0,0.0023104906018664843,0.5,0.2,79654.44761904763,20617496.279645413,79654.44761904763,-562.5586591097264,0.003863439407901644,True,True,non_rolling_afs_day_only,afs,intraday_only
APC,2019-02-07,398272.2380952381,0.0003848964931289,0.538800692338649,300.0,0.0023104906018664843,0.5,0.2,79654.44761904763,26063193.33675436,79654.44761904761,-852.057583471889,0.0030562044562175267,True,True,non_rolling_afs_day_only,afs,intraday_only
APC,2019-02-08,398272.2380952381,0.0003848964931289,0.538800692338649,300.0,0.0023104906018664843,0.5,0.2,79654.44761904763,36635752.80774461,79654.44761904763,-1491.1401017875319,0.0021742271282660553,True,True,non_rolling_afs_day_only,afs,intraday_only
APC,2019-02-11,398272.2380952381,0.0003848964931289,0.538800692338649,300.0,0.0023104906018664843,0.5,0.2,79654.44761904763,48699745.30390073,79654.44761904763,2177.168541881447,0.0016356234949891513,True,True,non_rolling_afs_day_only,afs,intraday_only
APC,2019-02-12,398272.2380952381,0.0003848964931289,0.538800692338649,300.0,0.0023104906018664843,0.5,0.2,79654.44761904763,22091504.66425522,79654.44761904763,354.97653329559506,0.003605659679122316,True,True,non_rolling_afs_day_only,afs,intraday_only
APC,2019-02-13,398272.2380952381,0.0003848964931289,0.538800692338649,300.0,0.0023104906018664843,0.5,0.2,79654.44761904763,25330370.11656569,79654.44761904763,-870.3229990911053,0.003144622334868877,True,True,non_rolling_afs_day_only,afs,intraday_only
APC,2019-02-14,398272.2380952381,0.0003848964931289,0.538800692338649,300.0,0.0023104906018664843,0.5,0.2,79654.44761904763,25699303.582590904,79654.44761904763,869.5268945598375,0.0030994788385241205,True,True,non_rolling_afs_day_only,afs,intraday_only
APC,2019-02-15,398272.2380952381,0.0003848964931289,0.538800692338649,300.0,0.0023104906018664843,0.5,0.2,79654.44761904763,24526881.3485215,79654.44761904761,-766.4103049402138,0.0032476386413411366,True,True,non_rolling_afs_day_only,afs,intraday_only
APC,2019-02-19,398272.2380952381,0.0003848964931289,0.538800692338649,300.0,0.0023104906018664843,0.5,0.2,79654.44761904763,26242244.60960182,79654.44761904763,1091.3440320742475,0.0030353519222171537,True,True,non_rolling_afs_day_only,afs,intraday_only
APC,2019-02-20,398272.2380952381,0.0003848964931289,0.538800692338649,300.0,0.0023104906018664843,0.5,0.2,79654.44761904763,40947647.60423436,79654.44761904761,1792.742658376203,0.0019452753034538332,True,True,non_rolling_afs_day_only,afs,intraday_only
APC,2019-02-21,398272.2380952381,0.0003848964931289,0.538800692338649,300.0,0.0023104906018664843,0.5,0.2,79654.44761904763,24369961.58630567,79654.44761904763,-649.7999621237568,0.0032685503970514354,True,True,non_rolling_afs_day_only,afs,intraday_only
APC,2019-02-22,398272.2380952381,0.0003848964931289,0.538800692338649,300.0,0.0023104906018664843,0.5,0.2,79654.44761904763,21243523.024423122,79654.44761904763,248.15440551237015,0.003749587463787009,True,True,non_rolling_afs_day_only,afs,intraday_only
APC,2019-02-25,398272.2380952381,0.0003848964931289,0.538800692338649,300.0,0.0023104906018664843,0.5,0.2,79654.44761904763,29559796.396225654,79654.44761904761,1347.4957031343392,0.0026946886423486432,True,True,non_rolling_afs_day_only,afs,intraday_only
APC,2019-02-26,398272.2380952381,0.0003848964931289,0.538800692338649,300.0,0.0023104906018664843,0.5,0.2,79654.44761904763,28990634.00076208,79654.44761904763,1030.5969748344235,0.0027475924678623358,True,True,non_rolling_afs_day_only,afs,intraday_only
APC,2019-02-27,398272.2380952381,0.0003848964931289,0.538800692338649,300.0,0.0023104906018664843,0.5,0.2,79654.44761904763,25125519.929955542,79654.44761904761,-956.0126760130122,0.00317026066887797,True,True,non_rolling_afs_day_only,afs,intraday_only
APC,2019-02-28,398272.2380952381,0.0003848964931289,0.538800692338649,300.0,0.0023104906018664843,0.5,0.2,79654.44761904763,25398721.325981226,79654.44761904763,429.14049139472075,0.0031361597537418687,True,True,non_rolling_afs_day_only,afs,intraday_only
