stock,date,ADV,sigma,lambda_hat,half_life_seconds,beta,target_participation,target_abs_volume,raw_abs_volume,actual_abs_volume,net_traded,scale_factor,normalize_abs_volume,strategy,model_type,alpha_key
AAL,2019-02-01,1236722.3333333333,0.000528342622418,262.8660263951744,1800.0,0.0003850817669777474,0.2,247344.46666666667,155566452.11787158,247344.46666666667,86.49793398633918,0.0015899601957834427,True,non_rolling_ow_day_only,ow,intraday_only
AAL,2019-02-04,1236722.3333333333,0.000528342622418,262.8660263951744,1800.0,0.0003850817669777474,0.2,247344.46666666667,148622849.74731612,247344.46666666665,-5.9517299407383035,0.0016642425245323577,True,non_rolling_ow_day_only,ow,intraday_only
AAL,2019-02-05,1236722.3333333333,0.000528342622418,262.8660263951744,1800.0,0.0003850817669777474,0.2,247344.46666666667,147091038.18931407,247344.4666666667,-1.6916960927800204,0.0016815740082568528,True,non_rolling_ow_day_only,ow,intraday_only
AAL,2019-02-06,1236722.3333333333,0.000528342622418,262.8660263951744,1800.0,0.0003850817669777474,0.2,247344.46666666667,152259376.80690968,247344.4666666667,-62.322555373766775,0.0016244941484315988,True,non_rolling_ow_day_only,ow,intraday_only
AAL,2019-02-07,1236722.3333333333,0.000528342622418,262.8660263951744,1800.0,0.0003850817669777474,0.2,247344.46666666667,151514363.9837864,247344.46666666665,57.82054044208694,0.0016324819651629535,True,non_rolling_ow_day_only,ow,intraday_only
AAL,2019-02-08,1236722.3333333333,0.000528342622418,262.8660263951744,1800.0,0.0003850817669777474,0.2,247344.46666666667,158160320.3355291,247344.46666666667,-31.176892119688873,0.001563884456872229,True,non_rolling_ow_day_only,ow,intraday_only
AAL,2019-02-11,1236722.3333333333,0.000528342622418,262.8660263951744,1800.0,0.0003850817669777474,0.2,247344.46666666667,149264781.790905,247344.46666666673,-185.08400053809513,0.0016570852393912646,True,non_rolling_ow_day_only,ow,intraday_only
AAL,2019-02-12,1236722.3333333333,0.000528342622418,262.8660263951744,1800.0,0.0003850817669777474,0.2,247344.46666666667,144542014.93985823,247344.46666666667,-146.38300884167714,0.001711228854596935,True,non_rolling_ow_day_only,ow,intraday_only
AAL,2019-02-13,1236722.3333333333,0.000528342622418,262.8660263951744,1800.0,0.0003850817669777474,0.2,247344.46666666667,157205286.3113613,247344.4666666667,70.58940763093011,0.0015733851734271544,True,non_rolling_ow_day_only,ow,intraday_only
AAL,2019-02-14,1236722.3333333333,0.000528342622418,262.8660263951744,1800.0,0.0003850817669777474,0.2,247344.46666666667,156244199.82989007,247344.46666666667,86.16011883827662,0.0015830633517017686,True,non_rolling_ow_day_only,ow,intraday_only
AAL,2019-02-15,1236722.3333333333,0.000528342622418,262.8660263951744,1800.0,0.0003850817669777474,0.2,247344.46666666667,153395955.32275635,247344.46666666673,109.13366971803747,0.0016124575523926675,True,non_rolling_ow_day_only,ow,intraday_only
AAL,2019-02-19,1236722.3333333333,0.000528342622418,262.8660263951744,1800.0,0.0003850817669777474,0.2,247344.46666666667,154194683.3225243,247344.46666666667,84.91414746848844,0.0016041050270799793,True,non_rolling_ow_day_only,ow,intraday_only
AAL,2019-02-20,1236722.3333333333,0.000528342622418,262.8660263951744,1800.0,0.0003850817669777474,0.2,247344.46666666667,156554840.89287162,247344.46666666662,-180.6950055845574,0.0015799221873689692,True,non_rolling_ow_day_only,ow,intraday_only
AAL,2019-02-21,1236722.3333333333,0.000528342622418,262.8660263951744,1800.0,0.0003850817669777474,0.2,247344.46666666667,155079760.89711988,247344.46666666667,39.53137939716018,0.001594950013050093,True,non_rolling_ow_day_only,ow,intraday_only
AAL,2019-02-22,1236722.3333333333,0.000528342622418,262.8660263951744,1800.0,0.0003850817669777474,0.2,247344.46666666667,150848166.6631137,247344.46666666667,101.89877310281656,0.0016396915662823816,True,non_rolling_ow_day_only,ow,intraday_only
AAL,2019-02-25,1236722.3333333333,0.000528342622418,262.8660263951744,1800.0,0.0003850817669777474,0.2,247344.46666666667,149076230.86898315,247344.46666666665,-43.491692794894234,0.0016591811130779617,True,non_rolling_ow_day_only,ow,intraday_only
AAL,2019-02-26,1236722.3333333333,0.000528342622418,262.8660263951744,1800.0,0.0003850817669777474,0.2,247344.46666666667,149005205.42293572,247344.46666666665,206.70963523140944,0.0016599719853048437,True,non_rolling_ow_day_only,ow,intraday_only
AAL,2019-02-27,1236722.3333333333,0.000528342622418,262.8660263951744,1800.0,0.0003850817669777474,0.2,247344.46666666667,152026070.59896022,247344.46666666662,-79.49125248797402,0.0016269871719512717,True,non_rolling_ow_day_only,ow,intraday_only
AAL,2019-02-28,1236722.3333333333,0.000528342622418,262.8660263951744,1800.0,0.0003850817669777474,0.2,247344.46666666667,157579726.22006747,247344.46666666667,181.58346172902034,0.001569646505929567,True,non_rolling_ow_day_only,ow,intraday_only
AAPL,2019-02-01,2968462.8095238097,0.0002876491912289,407.3922060358001,1800.0,0.0003850817669777474,0.2,593692.5619047619,240494945.70252764,593692.5619047619,-352.70269085943346,0.0024686280211439894,True,non_rolling_ow_day_only,ow,intraday_only
AAPL,2019-02-04,2968462.8095238097,0.0002876491912289,407.3922060358001,1800.0,0.0003850817669777474,0.2,593692.5619047619,226659986.6970937,593692.5619047619,-11.21344870340505,0.00261930908298414,True,non_rolling_ow_day_only,ow,intraday_only
AAPL,2019-02-05,2968462.8095238097,0.0002876491912289,407.3922060358001,1800.0,0.0003850817669777474,0.2,593692.5619047619,225783720.45492804,593692.5619047619,-56.38353221663567,0.002629474617162567,True,non_rolling_ow_day_only,ow,intraday_only
AAPL,2019-02-06,2968462.8095238097,0.0002876491912289,407.3922060358001,1800.0,0.0003850817669777474,0.2,593692.5619047619,228660980.5432073,593692.5619047619,31.894601095576093,0.0025963877199091214,True,non_rolling_ow_day_only,ow,intraday_only
AAPL,2019-02-07,2968462.8095238097,0.0002876491912289,407.3922060358001,1800.0,0.0003850817669777474,0.2,593692.5619047619,229610309.7735951,593692.5619047619,-61.22197905151336,0.0025856528937666886,True,non_rolling_ow_day_only,ow,intraday_only
AAPL,2019-02-08,2968462.8095238097,0.0002876491912289,407.3922060358001,1800.0,0.0003850817669777474,0.2,593692.5619047619,234438527.4749382,593692.561904762,207.89335275349896,0.0025324018551866586,True,non_rolling_ow_day_only,ow,intraday_only
AAPL,2019-02-11,2968462.8095238097,0.0002876491912289,407.3922060358001,1800.0,0.0003850817669777474,0.2,593692.5619047619,226610489.12346283,593692.561904762,-316.8705265611248,0.0026198812076227594,True,non_rolling_ow_day_only,ow,intraday_only
AAPL,2019-02-12,2968462.8095238097,0.0002876491912289,407.3922060358001,1800.0,0.0003850817669777474,0.2,593692.5619047619,231334126.0290457,593692.5619047618,369.8005749941034,0.002566385565743203,True,non_rolling_ow_day_only,ow,intraday_only
AAPL,2019-02-13,2968462.8095238097,0.0002876491912289,407.3922060358001,1800.0,0.0003850817669777474,0.2,593692.5619047619,230339038.09430015,593692.5619047619,-343.7806369979752,0.0025774726108811217,True,non_rolling_ow_day_only,ow,intraday_only
AAPL,2019-02-14,2968462.8095238097,0.0002876491912289,407.3922060358001,1800.0,0.0003850817669777474,0.2,593692.5619047619,230716773.75130236,593692.5619047619,397.35226187042156,0.002573252703961281,True,non_rolling_ow_day_only,ow,intraday_only
AAPL,2019-02-15,2968462.8095238097,0.0002876491912289,407.3922060358001,1800.0,0.0003850817669777474,0.2,593692.5619047619,237177720.3121754,593692.5619047618,11.296416283103156,0.002503154854188406,True,non_rolling_ow_day_only,ow,intraday_only
AAPL,2019-02-19,2968462.8095238097,0.0002876491912289,407.3922060358001,1800.0,0.0003850817669777474,0.2,593692.5619047619,229701794.44983733,593692.5619047619,94.82351282502282,0.0025846230906760004,True,non_rolling_ow_day_only,ow,intraday_only
AAPL,2019-02-20,2968462.8095238097,0.0002876491912289,407.3922060358001,1800.0,0.0003850817669777474,0.2,593692.5619047619,234045885.6283244,593692.5619047619,-116.48512773971473,0.002536650282532943,True,non_rolling_ow_day_only,ow,intraday_only
AAPL,2019-02-21,2968462.8095238097,0.0002876491912289,407.3922060358001,1800.0,0.0003850817669777474,0.2,593692.5619047619,235002978.04227278,593692.5619047618,-27.14327070855728,0.0025263193124215105,True,non_rolling_ow_day_only,ow,intraday_only
AAPL,2019-02-22,2968462.8095238097,0.0002876491912289,407.3922060358001,1800.0,0.0003850817669777474,0.2,593692.5619047619,225196854.823968,593692.5619047619,420.0898966684403,0.0026363270586920048,True,non_rolling_ow_day_only,ow,intraday_only
AAPL,2019-02-25,2968462.8095238097,0.0002876491912289,407.3922060358001,1800.0,0.0003850817669777474,0.2,593692.5619047619,227983933.7613902,593692.5619047619,-54.398712986100065,0.00260409824547604,True,non_rolling_ow_day_only,ow,intraday_only
AAPL,2019-02-26,2968462.8095238097,0.0002876491912289,407.3922060358001,1800.0,0.0003850817669777474,0.2,593692.5619047619,220855426.08366263,593692.5619047619,-10.86488493020812,0.002688150218595328,True,non_rolling_ow_day_only,ow,intraday_only
AAPL,2019-02-27,2968462.8095238097,0.0002876491912289,407.3922060358001,1800.0,0.0003850817669777474,0.2,593692.5619047619,224010380.40324304,593692.5619047619,-105.7624218543852,0.0026502904054537596,True,non_rolling_ow_day_only,ow,intraday_only
AAPL,2019-02-28,2968462.8095238097,0.0002876491912289,407.3922060358001,1800.0,0.0003850817669777474,0.2,593692.5619047619,228513571.74939093,593692.5619047619,-182.71263473382902,0.0025980625892796424,True,non_rolling_ow_day_only,ow,intraday_only
ABBV,2019-02-01,476343.1904761905,0.000342149361792,382.8220888827348,1800.0,0.0003850817669777474,0.2,95268.6380952381,49443498.74144709,95268.6380952381,-42.52155515091394,0.0019268182980622503,True,non_rolling_ow_day_only,ow,intraday_only
ABBV,2019-02-04,476343.1904761905,0.000342149361792,382.8220888827348,1800.0,0.0003850817669777474,0.2,95268.6380952381,50345131.16166319,95268.63809523809,-6.2676157454481825,0.0018923108530459697,True,non_rolling_ow_day_only,ow,intraday_only
ABBV,2019-02-05,476343.1904761905,0.000342149361792,382.8220888827348,1800.0,0.0003850817669777474,0.2,95268.6380952381,49223990.88825649,95268.6380952381,61.32427562440422,0.0019354106884894337,True,non_rolling_ow_day_only,ow,intraday_only
ABBV,2019-02-06,476343.1904761905,0.000342149361792,382.8220888827348,1800.0,0.0003850817669777474,0.2,95268.6380952381,50269172.648839764,95268.6380952381,42.98418764185465,0.00189517020223799,True,non_rolling_ow_day_only,ow,intraday_only
ABBV,2019-02-07,476343.1904761905,0.000342149361792,382.8220888827348,1800.0,0.0003850817669777474,0.2,95268.6380952381,49838060.10126594,95268.6380952381,13.251354770930938,0.0019115639312939105,True,non_rolling_ow_day_only,ow,intraday_only
ABBV,2019-02-08,476343.1904761905,0.000342149361792,382.8220888827348,1800.0,0.0003850817669777474,0.2,95268.6380952381,49727662.729091406,95268.6380952381,-42.94208611597561,0.0019158076786002765,True,non_rolling_ow_day_only,ow,intraday_only
ABBV,2019-02-11,476343.1904761905,0.000342149361792,382.8220888827348,1800.0,0.0003850817669777474,0.2,95268.6380952381,48952745.09526403,95268.6380952381,-19.36446230445634,0.001946134745045277,True,non_rolling_ow_day_only,ow,intraday_only
ABBV,2019-02-12,476343.1904761905,0.000342149361792,382.8220888827348,1800.0,0.0003850817669777474,0.2,95268.6380952381,49525014.1777196,95268.6380952381,-47.98455966851818,0.0019236468616317473,True,non_rolling_ow_day_only,ow,intraday_only
ABBV,2019-02-13,476343.1904761905,0.000342149361792,382.8220888827348,1800.0,0.0003850817669777474,0.2,95268.6380952381,48485937.21890119,95268.63809523807,-22.498807052554774,0.00196487153924911,True,non_rolling_ow_day_only,ow,intraday_only
ABBV,2019-02-14,476343.1904761905,0.000342149361792,382.8220888827348,1800.0,0.0003850817669777474,0.2,95268.6380952381,48072112.146578275,95268.6380952381,6.536524040223114,0.0019817859844550065,True,non_rolling_ow_day_only,ow,intraday_only
ABBV,2019-02-15,476343.1904761905,0.000342149361792,382.8220888827348,1800.0,0.0003850817669777474,0.2,95268.6380952381,48537549.048246846,95268.63809523812,-60.91549408984906,0.0019627822163113358,True,non_rolling_ow_day_only,ow,intraday_only
ABBV,2019-02-19,476343.1904761905,0.000342149361792,382.8220888827348,1800.0,0.0003850817669777474,0.2,95268.6380952381,48669359.98672239,95268.6380952381,25.20793887769362,0.0019574664248970725,True,non_rolling_ow_day_only,ow,intraday_only
ABBV,2019-02-20,476343.1904761905,0.000342149361792,382.8220888827348,1800.0,0.0003850817669777474,0.2,95268.6380952381,49052649.18705031,95268.63809523809,-5.7666875725733036,0.0019421711094940945,True,non_rolling_ow_day_only,ow,intraday_only
ABBV,2019-02-21,476343.1904761905,0.000342149361792,382.8220888827348,1800.0,0.0003850817669777474,0.2,95268.6380952381,49697248.136421,95268.6380952381,-10.684412947585919,0.0019169801481506933,True,non_rolling_ow_day_only,ow,intraday_only
ABBV,2019-02-22,476343.1904761905,0.000342149361792,382.8220888827348,1800.0,0.0003850817669777474,0.2,95268.6380952381,48848605.24165913,95268.63809523812,-26.92841736148567,0.00195028369026985,True,non_rolling_ow_day_only,ow,intraday_only
ABBV,2019-02-25,476343.1904761905,0.000342149361792,382.8220888827348,1800.0,0.0003850817669777474,0.2,95268.6380952381,47452625.8469525,95268.63809523807,-4.2756905630646,0.002007657877616828,True,non_rolling_ow_day_only,ow,intraday_only
ABBV,2019-02-26,476343.1904761905,0.000342149361792,382.8220888827348,1800.0,0.0003850817669777474,0.2,95268.6380952381,49142399.164768554,95268.6380952381,10.867697784542457,0.001938624074413091,True,non_rolling_ow_day_only,ow,intraday_only
ABBV,2019-02-27,476343.1904761905,0.000342149361792,382.8220888827348,1800.0,0.0003850817669777474,0.2,95268.6380952381,50001090.28721203,95268.6380952381,64.96359356022714,0.0019053312147395997,True,non_rolling_ow_day_only,ow,intraday_only
ABBV,2019-02-28,476343.1904761905,0.000342149361792,382.8220888827348,1800.0,0.0003850817669777474,0.2,95268.6380952381,46604294.75559205,95268.63809523812,44.865277601468435,0.0020442029773190982,True,non_rolling_ow_day_only,ow,intraday_only
ABT,2019-02-01,500060.1428571429,0.0002830669728843,440.8674480814128,1800.0,0.0003850817669777474,0.2,100012.02857142859,37616780.53912299,100012.0285714286,125.28900978464526,0.0026587078197032833,True,non_rolling_ow_day_only,ow,intraday_only
ABT,2019-02-04,500060.1428571429,0.0002830669728843,440.8674480814128,1800.0,0.0003850817669777474,0.2,100012.02857142859,37654061.34079738,100012.02857142857,-36.18332427498984,0.00265607546729807,True,non_rolling_ow_day_only,ow,intraday_only
ABT,2019-02-05,500060.1428571429,0.0002830669728843,440.8674480814128,1800.0,0.0003850817669777474,0.2,100012.02857142859,38071620.17543441,100012.02857142857,1.6658654821434595,0.00262694437774311,True,non_rolling_ow_day_only,ow,intraday_only
ABT,2019-02-06,500060.1428571429,0.0002830669728843,440.8674480814128,1800.0,0.0003850817669777474,0.2,100012.02857142859,37910397.69913165,100012.02857142861,52.33913869979407,0.002638116048403243,True,non_rolling_ow_day_only,ow,intraday_only
ABT,2019-02-07,500060.1428571429,0.0002830669728843,440.8674480814128,1800.0,0.0003850817669777474,0.2,100012.02857142859,38948531.2516979,100012.02857142859,-43.243238403677594,0.002567799743849615,True,non_rolling_ow_day_only,ow,intraday_only
ABT,2019-02-08,500060.1428571429,0.0002830669728843,440.8674480814128,1800.0,0.0003850817669777474,0.2,100012.02857142859,40360046.04523361,100012.02857142859,-13.534478893451642,0.0024779958986999146,True,non_rolling_ow_day_only,ow,intraday_only
ABT,2019-02-11,500060.1428571429,0.0002830669728843,440.8674480814128,1800.0,0.0003850817669777474,0.2,100012.02857142859,37142970.91631016,100012.02857142859,79.1062709869095,0.002692623290602515,True,non_rolling_ow_day_only,ow,intraday_only
ABT,2019-02-12,500060.1428571429,0.0002830669728843,440.8674480814128,1800.0,0.0003850817669777474,0.2,100012.02857142859,36230381.99592269,100012.02857142861,-22.48474289522326,0.002760446428157555,True,non_rolling_ow_day_only,ow,intraday_only
ABT,2019-02-13,500060.1428571429,0.0002830669728843,440.8674480814128,1800.0,0.0003850817669777474,0.2,100012.02857142859,37471927.225507975,100012.02857142859,37.103986017565674,0.002668985450616166,True,non_rolling_ow_day_only,ow,intraday_only
ABT,2019-02-14,500060.1428571429,0.0002830669728843,440.8674480814128,1800.0,0.0003850817669777474,0.2,100012.02857142859,38770518.726796865,100012.02857142856,-64.04781221297972,0.0025795896432591102,True,non_rolling_ow_day_only,ow,intraday_only
ABT,2019-02-15,500060.1428571429,0.0002830669728843,440.8674480814128,1800.0,0.0003850817669777474,0.2,100012.02857142859,36344529.495994836,100012.02857142859,-72.6618676444366,0.002751776676114349,True,non_rolling_ow_day_only,ow,intraday_only
ABT,2019-02-19,500060.1428571429,0.0002830669728843,440.8674480814128,1800.0,0.0003850817669777474,0.2,100012.02857142859,37551897.8903782,100012.02857142859,-24.170795715720963,0.0026633015690281352,True,non_rolling_ow_day_only,ow,intraday_only
ABT,2019-02-20,500060.1428571429,0.0002830669728843,440.8674480814128,1800.0,0.0003850817669777474,0.2,100012.02857142859,38914525.55032793,100012.02857142859,-20.235691666722275,0.0025700436317046605,True,non_rolling_ow_day_only,ow,intraday_only
ABT,2019-02-21,500060.1428571429,0.0002830669728843,440.8674480814128,1800.0,0.0003850817669777474,0.2,100012.02857142859,36904456.93615703,100012.02857142859,-38.66648967712153,0.0027100257495847905,True,non_rolling_ow_day_only,ow,intraday_only
ABT,2019-02-22,500060.1428571429,0.0002830669728843,440.8674480814128,1800.0,0.0003850817669777474,0.2,100012.02857142859,37480386.42000835,100012.02857142861,-28.348644095810442,0.002668383069765755,True,non_rolling_ow_day_only,ow,intraday_only
ABT,2019-02-25,500060.1428571429,0.0002830669728843,440.8674480814128,1800.0,0.0003850817669777474,0.2,100012.02857142859,36029198.16137802,100012.0285714286,-16.715147025185694,0.0027758605152261705,True,non_rolling_ow_day_only,ow,intraday_only
ABT,2019-02-26,500060.1428571429,0.0002830669728843,440.8674480814128,1800.0,0.0003850817669777474,0.2,100012.02857142859,36776030.73471202,100012.0285714286,-64.85893050362628,0.002719489476525524,True,non_rolling_ow_day_only,ow,intraday_only
ABT,2019-02-27,500060.1428571429,0.0002830669728843,440.8674480814128,1800.0,0.0003850817669777474,0.2,100012.02857142859,36209688.25518377,100012.02857142857,13.343712499947394,0.0027620240159651438,True,non_rolling_ow_day_only,ow,intraday_only
ABT,2019-02-28,500060.1428571429,0.0002830669728843,440.8674480814128,1800.0,0.0003850817669777474,0.2,100012.02857142859,35618000.63901344,100012.02857142859,60.31902189161087,0.002807906866672423,True,non_rolling_ow_day_only,ow,intraday_only
ADBE,2019-02-01,414365.9523809524,0.0003273652057233,339.1893382018602,1800.0,0.0003850817669777474,0.2,82873.19047619049,41854953.89237232,82873.19047619049,36.77246009406504,0.0019800091212451047,True,non_rolling_ow_day_only,ow,intraday_only
ADBE,2019-02-04,414365.9523809524,0.0003273652057233,339.1893382018602,1800.0,0.0003850817669777474,0.2,82873.19047619049,40905311.82424374,82873.19047619047,-23.730300104219957,0.0020259762554131967,True,non_rolling_ow_day_only,ow,intraday_only
ADBE,2019-02-05,414365.9523809524,0.0003273652057233,339.1893382018602,1800.0,0.0003850817669777474,0.2,82873.19047619049,39638581.55936448,82873.19047619049,57.773656495049615,0.002090720384433433,True,non_rolling_ow_day_only,ow,intraday_only
ADBE,2019-02-06,414365.9523809524,0.0003273652057233,339.1893382018602,1800.0,0.0003850817669777474,0.2,82873.19047619049,41310986.45791978,82873.19047619049,0.022808302781328393,0.0020060811319673236,True,non_rolling_ow_day_only,ow,intraday_only
ADBE,2019-02-07,414365.9523809524,0.0003273652057233,339.1893382018602,1800.0,0.0003850817669777474,0.2,82873.19047619049,39988549.904320225,82873.19047619049,-8.943336247887025,0.002072422997945148,True,non_rolling_ow_day_only,ow,intraday_only
ADBE,2019-02-08,414365.9523809524,0.0003273652057233,339.1893382018602,1800.0,0.0003850817669777474,0.2,82873.19047619049,39914916.24042819,82873.19047619047,5.3882731467131855,0.0020762461325736573,True,non_rolling_ow_day_only,ow,intraday_only
ADBE,2019-02-11,414365.9523809524,0.0003273652057233,339.1893382018602,1800.0,0.0003850817669777474,0.2,82873.19047619049,40670484.794210985,82873.19047619049,10.901426408373183,0.0020376740256606582,True,non_rolling_ow_day_only,ow,intraday_only
ADBE,2019-02-12,414365.9523809524,0.0003273652057233,339.1893382018602,1800.0,0.0003850817669777474,0.2,82873.19047619049,39366798.101795085,82873.19047619049,6.580814388594135,0.0021051544568571746,True,non_rolling_ow_day_only,ow,intraday_only
ADBE,2019-02-13,414365.9523809524,0.0003273652057233,339.1893382018602,1800.0,0.0003850817669777474,0.2,82873.19047619049,40148557.72275365,82873.19047619049,-58.94150595318514,0.002064163575899097,True,non_rolling_ow_day_only,ow,intraday_only
ADBE,2019-02-14,414365.9523809524,0.0003273652057233,339.1893382018602,1800.0,0.0003850817669777474,0.2,82873.19047619049,39217519.95397689,82873.19047619047,9.253404540742913,0.002113167547908308,True,non_rolling_ow_day_only,ow,intraday_only
ADBE,2019-02-15,414365.9523809524,0.0003273652057233,339.1893382018602,1800.0,0.0003850817669777474,0.2,82873.19047619049,38065184.19355011,82873.1904761905,-5.379883212931894,0.0021771388273022674,True,non_rolling_ow_day_only,ow,intraday_only
ADBE,2019-02-19,414365.9523809524,0.0003273652057233,339.1893382018602,1800.0,0.0003850817669777474,0.2,82873.19047619049,39688494.95285244,82873.19047619049,14.791137316036732,0.002088091034307017,True,non_rolling_ow_day_only,ow,intraday_only
ADBE,2019-02-20,414365.9523809524,0.0003273652057233,339.1893382018602,1800.0,0.0003850817669777474,0.2,82873.19047619049,38979739.04661696,82873.19047619047,-16.013954888657224,0.0021260581138596163,True,non_rolling_ow_day_only,ow,intraday_only
ADBE,2019-02-21,414365.9523809524,0.0003273652057233,339.1893382018602,1800.0,0.0003850817669777474,0.2,82873.19047619049,38234420.118869886,82873.1904761905,-26.29382530490298,0.0021675022196894775,True,non_rolling_ow_day_only,ow,intraday_only
ADBE,2019-02-22,414365.9523809524,0.0003273652057233,339.1893382018602,1800.0,0.0003850817669777474,0.2,82873.19047619049,39437294.06399,82873.19047619049,23.90639025243472,0.002101391397232337,True,non_rolling_ow_day_only,ow,intraday_only
ADBE,2019-02-25,414365.9523809524,0.0003273652057233,339.1893382018602,1800.0,0.0003850817669777474,0.2,82873.19047619049,38574561.20807287,82873.1904761905,-38.85628338827273,0.002148389712825737,True,non_rolling_ow_day_only,ow,intraday_only
ADBE,2019-02-26,414365.9523809524,0.0003273652057233,339.1893382018602,1800.0,0.0003850817669777474,0.2,82873.19047619049,39340270.56592616,82873.1904761905,8.396577864311645,0.002106573983453219,True,non_rolling_ow_day_only,ow,intraday_only
ADBE,2019-02-27,414365.9523809524,0.0003273652057233,339.1893382018602,1800.0,0.0003850817669777474,0.2,82873.19047619049,40702935.10355505,82873.1904761905,55.68613736405907,0.0020360494953336234,True,non_rolling_ow_day_only,ow,intraday_only
ADBE,2019-02-28,414365.9523809524,0.0003273652057233,339.1893382018602,1800.0,0.0003850817669777474,0.2,82873.19047619049,39937433.79829921,82873.19047619049,72.48234436824293,0.002075075501714378,True,non_rolling_ow_day_only,ow,intraday_only
ADI,2019-02-01,446626.0,0.0003180139031073,338.4056168302951,1800.0,0.0003850817669777474,0.2,89325.20000000001,41398479.14232185,89325.20000000001,28.803625664490283,0.002157692790909376,True,non_rolling_ow_day_only,ow,intraday_only
ADI,2019-02-04,446626.0,0.0003180139031073,338.4056168302951,1800.0,0.0003850817669777474,0.2,89325.20000000001,41813494.81174386,89325.20000000003,48.47411856718982,0.002136276826468757,True,non_rolling_ow_day_only,ow,intraday_only
ADI,2019-02-05,446626.0,0.0003180139031073,338.4056168302951,1800.0,0.0003850817669777474,0.2,89325.20000000001,42295829.281076744,89325.20000000001,-26.30276342985257,0.002111915087570214,True,non_rolling_ow_day_only,ow,intraday_only
ADI,2019-02-06,446626.0,0.0003180139031073,338.4056168302951,1800.0,0.0003850817669777474,0.2,89325.20000000001,40813693.06648533,89325.20000000003,-30.173540922924182,0.0021886086087453457,True,non_rolling_ow_day_only,ow,intraday_only
ADI,2019-02-07,446626.0,0.0003180139031073,338.4056168302951,1800.0,0.0003850817669777474,0.2,89325.20000000001,40941624.51476191,89325.20000000001,3.8645167544622083,0.0021817698017281392,True,non_rolling_ow_day_only,ow,intraday_only
ADI,2019-02-08,446626.0,0.0003180139031073,338.4056168302951,1800.0,0.0003850817669777474,0.2,89325.20000000001,40486330.83639854,89325.2,23.130976067247502,0.0022063051443450073,True,non_rolling_ow_day_only,ow,intraday_only
ADI,2019-02-11,446626.0,0.0003180139031073,338.4056168302951,1800.0,0.0003850817669777474,0.2,89325.20000000001,40988509.285791576,89325.2,42.49856813941805,0.002179274180897427,True,non_rolling_ow_day_only,ow,intraday_only
ADI,2019-02-12,446626.0,0.0003180139031073,338.4056168302951,1800.0,0.0003850817669777474,0.2,89325.20000000001,40261406.373345554,89325.19999999998,66.94620278399827,0.00221863089360774,True,non_rolling_ow_day_only,ow,intraday_only
ADI,2019-02-13,446626.0,0.0003180139031073,338.4056168302951,1800.0,0.0003850817669777474,0.2,89325.20000000001,40078789.29166949,89325.20000000003,-5.32337284717498,0.002228739978893688,True,non_rolling_ow_day_only,ow,intraday_only
ADI,2019-02-14,446626.0,0.0003180139031073,338.4056168302951,1800.0,0.0003850817669777474,0.2,89325.20000000001,38286823.12575008,89325.20000000001,-50.254816774944715,0.002333053325072659,True,non_rolling_ow_day_only,ow,intraday_only
ADI,2019-02-15,446626.0,0.0003180139031073,338.4056168302951,1800.0,0.0003850817669777474,0.2,89325.20000000001,38768772.913126975,89325.20000000004,144.54302550808978,0.002304050226200345,True,non_rolling_ow_day_only,ow,intraday_only
ADI,2019-02-19,446626.0,0.0003180139031073,338.4056168302951,1800.0,0.0003850817669777474,0.2,89325.20000000001,39175147.073402986,89325.20000000001,46.01532111862211,0.002280149703908711,True,non_rolling_ow_day_only,ow,intraday_only
ADI,2019-02-20,446626.0,0.0003180139031073,338.4056168302951,1800.0,0.0003850817669777474,0.2,89325.20000000001,39094788.494035706,89325.20000000001,30.03284415463748,0.0022848365073934967,True,non_rolling_ow_day_only,ow,intraday_only
ADI,2019-02-21,446626.0,0.0003180139031073,338.4056168302951,1800.0,0.0003850817669777474,0.2,89325.20000000001,38459842.61824737,89325.20000000001,7.004752798941141,0.002322557606037094,True,non_rolling_ow_day_only,ow,intraday_only
ADI,2019-02-22,446626.0,0.0003180139031073,338.4056168302951,1800.0,0.0003850817669777474,0.2,89325.20000000001,39731371.42472424,89325.20000000001,-37.034045419036026,0.0022482284602039753,True,non_rolling_ow_day_only,ow,intraday_only
ADI,2019-02-25,446626.0,0.0003180139031073,338.4056168302951,1800.0,0.0003850817669777474,0.2,89325.20000000001,36928035.979356624,89325.20000000001,1.631228650460777,0.0024188992896869536,True,non_rolling_ow_day_only,ow,intraday_only
ADI,2019-02-26,446626.0,0.0003180139031073,338.4056168302951,1800.0,0.0003850817669777474,0.2,89325.20000000001,38490791.07204236,89325.20000000001,-15.467336612065054,0.00232069015762269,True,non_rolling_ow_day_only,ow,intraday_only
ADI,2019-02-27,446626.0,0.0003180139031073,338.4056168302951,1800.0,0.0003850817669777474,0.2,89325.20000000001,38925481.24115436,89325.20000000001,-1.5533030389479023,0.002294774454979892,True,non_rolling_ow_day_only,ow,intraday_only
ADI,2019-02-28,446626.0,0.0003180139031073,338.4056168302951,1800.0,0.0003850817669777474,0.2,89325.20000000001,39357583.44025174,89325.20000000004,82.4512476289304,0.0022695804008293218,True,non_rolling_ow_day_only,ow,intraday_only
ADM,2019-02-01,264055.4761904762,0.0002399653754965,348.7162946314052,1800.0,0.0003850817669777474,0.2,52811.095238095244,25453798.955587447,52811.09523809524,-26.606546236213312,0.0020747824452546997,True,non_rolling_ow_day_only,ow,intraday_only
ADM,2019-02-04,264055.4761904762,0.0002399653754965,348.7162946314052,1800.0,0.0003850817669777474,0.2,52811.095238095244,26014309.532309305,52811.095238095244,-37.60416943495436,0.0020300786831380173,True,non_rolling_ow_day_only,ow,intraday_only
ADM,2019-02-05,264055.4761904762,0.0002399653754965,348.7162946314052,1800.0,0.0003850817669777474,0.2,52811.095238095244,27776411.557168506,52811.095238095244,-13.317450186088116,0.0019012929416530701,True,non_rolling_ow_day_only,ow,intraday_only
ADM,2019-02-06,264055.4761904762,0.0002399653754965,348.7162946314052,1800.0,0.0003850817669777474,0.2,52811.095238095244,26835066.706208512,52811.09523809524,48.558862706861945,0.0019679882228828952,True,non_rolling_ow_day_only,ow,intraday_only
ADM,2019-02-07,264055.4761904762,0.0002399653754965,348.7162946314052,1800.0,0.0003850817669777474,0.2,52811.095238095244,27697621.820772596,52811.095238095244,-50.70889537958192,0.001906701433784763,True,non_rolling_ow_day_only,ow,intraday_only
ADM,2019-02-08,264055.4761904762,0.0002399653754965,348.7162946314052,1800.0,0.0003850817669777474,0.2,52811.095238095244,27079063.346888456,52811.09523809524,-12.885794947232334,0.001950255611192089,True,non_rolling_ow_day_only,ow,intraday_only
ADM,2019-02-11,264055.4761904762,0.0002399653754965,348.7162946314052,1800.0,0.0003850817669777474,0.2,52811.095238095244,27732498.126369774,52811.09523809525,1.20985068591013,0.0019043035718401145,True,non_rolling_ow_day_only,ow,intraday_only
ADM,2019-02-12,264055.4761904762,0.0002399653754965,348.7162946314052,1800.0,0.0003850817669777474,0.2,52811.095238095244,26557660.81087414,52811.09523809525,42.70845198148597,0.001988544684495388,True,non_rolling_ow_day_only,ow,intraday_only
ADM,2019-02-13,264055.4761904762,0.0002399653754965,348.7162946314052,1800.0,0.0003850817669777474,0.2,52811.095238095244,26041410.283654027,52811.09523809525,27.584319875107603,0.002027966022686733,True,non_rolling_ow_day_only,ow,intraday_only
ADM,2019-02-14,264055.4761904762,0.0002399653754965,348.7162946314052,1800.0,0.0003850817669777474,0.2,52811.095238095244,26400348.49599591,52811.09523809525,-5.586332846289032,0.00200039386775917,True,non_rolling_ow_day_only,ow,intraday_only
ADM,2019-02-15,264055.4761904762,0.0002399653754965,348.7162946314052,1800.0,0.0003850817669777474,0.2,52811.095238095244,26712841.180485208,52811.095238095244,7.313511477076503,0.0019769928208413804,True,non_rolling_ow_day_only,ow,intraday_only
ADM,2019-02-19,264055.4761904762,0.0002399653754965,348.7162946314052,1800.0,0.0003850817669777474,0.2,52811.095238095244,27030194.97250828,52811.095238095244,3.064279165800656,0.001953781513296817,True,non_rolling_ow_day_only,ow,intraday_only
ADM,2019-02-20,264055.4761904762,0.0002399653754965,348.7162946314052,1800.0,0.0003850817669777474,0.2,52811.095238095244,26735660.64946352,52811.09523809525,10.095180936292085,0.001975305414386869,True,non_rolling_ow_day_only,ow,intraday_only
ADM,2019-02-21,264055.4761904762,0.0002399653754965,348.7162946314052,1800.0,0.0003850817669777474,0.2,52811.095238095244,27370465.666553006,52811.095238095244,-18.327663723233997,0.0019294920255094874,True,non_rolling_ow_day_only,ow,intraday_only
ADM,2019-02-22,264055.4761904762,0.0002399653754965,348.7162946314052,1800.0,0.0003850817669777474,0.2,52811.095238095244,27546945.984167986,52811.09523809524,10.09592225719162,0.0019171306782409666,True,non_rolling_ow_day_only,ow,intraday_only
ADM,2019-02-25,264055.4761904762,0.0002399653754965,348.7162946314052,1800.0,0.0003850817669777474,0.2,52811.095238095244,26796084.581610397,52811.095238095244,12.826547874324383,0.0019708511919811753,True,non_rolling_ow_day_only,ow,intraday_only
ADM,2019-02-26,264055.4761904762,0.0002399653754965,348.7162946314052,1800.0,0.0003850817669777474,0.2,52811.095238095244,26451928.045238525,52811.09523809524,-0.1853157212227714,0.0019964932290673417,True,non_rolling_ow_day_only,ow,intraday_only
ADM,2019-02-27,264055.4761904762,0.0002399653754965,348.7162946314052,1800.0,0.0003850817669777474,0.2,52811.095238095244,27090138.63671919,52811.09523809525,25.238511453299655,0.001949458286142276,True,non_rolling_ow_day_only,ow,intraday_only
ADM,2019-02-28,264055.4761904762,0.0002399653754965,348.7162946314052,1800.0,0.0003850817669777474,0.2,52811.095238095244,25730539.54604707,52811.09523809525,11.048396102678105,0.0020524674635596014,True,non_rolling_ow_day_only,ow,intraday_only
ADP,2019-02-01,303932.2380952381,0.000249105653446,254.7665143168179,1800.0,0.0003850817669777474,0.2,60786.44761904763,40718465.83022031,60786.447619047634,6.67638123371411,0.0014928471979396955,True,non_rolling_ow_day_only,ow,intraday_only
ADP,2019-02-04,303932.2380952381,0.000249105653446,254.7665143168179,1800.0,0.0003850817669777474,0.2,60786.44761904763,40586393.83984631,60786.44761904763,14.048884421716522,0.001497705064877422,True,non_rolling_ow_day_only,ow,intraday_only
ADP,2019-02-05,303932.2380952381,0.000249105653446,254.7665143168179,1800.0,0.0003850817669777474,0.2,60786.44761904763,39376904.16458048,60786.44761904762,-32.37416833324337,0.001543708143356913,True,non_rolling_ow_day_only,ow,intraday_only
ADP,2019-02-06,303932.2380952381,0.000249105653446,254.7665143168179,1800.0,0.0003850817669777474,0.2,60786.44761904763,38653355.004350565,60786.44761904763,-15.942599463877755,0.0015726046965963475,True,non_rolling_ow_day_only,ow,intraday_only
ADP,2019-02-07,303932.2380952381,0.000249105653446,254.7665143168179,1800.0,0.0003850817669777474,0.2,60786.44761904763,37766097.08085256,60786.44761904763,-30.61115623869004,0.0016095506901047077,True,non_rolling_ow_day_only,ow,intraday_only
ADP,2019-02-08,303932.2380952381,0.000249105653446,254.7665143168179,1800.0,0.0003850817669777474,0.2,60786.44761904763,38828349.706679024,60786.44761904763,9.45859739829357,0.0015655171563624683,True,non_rolling_ow_day_only,ow,intraday_only
ADP,2019-02-11,303932.2380952381,0.000249105653446,254.7665143168179,1800.0,0.0003850817669777474,0.2,60786.44761904763,39669581.30776089,60786.44761904762,11.862087985378086,0.0015323188603242322,True,non_rolling_ow_day_only,ow,intraday_only
ADP,2019-02-12,303932.2380952381,0.000249105653446,254.7665143168179,1800.0,0.0003850817669777474,0.2,60786.44761904763,39063847.478843704,60786.44761904763,-10.80297865333334,0.0015560793813760537,True,non_rolling_ow_day_only,ow,intraday_only
ADP,2019-02-13,303932.2380952381,0.000249105653446,254.7665143168179,1800.0,0.0003850817669777474,0.2,60786.44761904763,37596884.677028455,60786.44761904763,-39.74072679510868,0.001616794799389001,True,non_rolling_ow_day_only,ow,intraday_only
ADP,2019-02-14,303932.2380952381,0.000249105653446,254.7665143168179,1800.0,0.0003850817669777474,0.2,60786.44761904763,37383578.044850454,60786.44761904763,-1.9954846636305952,0.0016260200547448906,True,non_rolling_ow_day_only,ow,intraday_only
ADP,2019-02-15,303932.2380952381,0.000249105653446,254.7665143168179,1800.0,0.0003850817669777474,0.2,60786.44761904763,37600361.4337684,60786.44761904763,-19.980289479040636,0.0016166453007671385,True,non_rolling_ow_day_only,ow,intraday_only
ADP,2019-02-19,303932.2380952381,0.000249105653446,254.7665143168179,1800.0,0.0003850817669777474,0.2,60786.44761904763,36691884.81783764,60786.44761904762,5.788154213584569,0.0016566728016516746,True,non_rolling_ow_day_only,ow,intraday_only
ADP,2019-02-20,303932.2380952381,0.000249105653446,254.7665143168179,1800.0,0.0003850817669777474,0.2,60786.44761904763,37646639.14336473,60786.44761904761,0.21220700231108225,0.001614658014691899,True,non_rolling_ow_day_only,ow,intraday_only
ADP,2019-02-21,303932.2380952381,0.000249105653446,254.7665143168179,1800.0,0.0003850817669777474,0.2,60786.44761904763,36689479.231287785,60786.44761904762,-25.49777156290488,0.001656781423248183,True,non_rolling_ow_day_only,ow,intraday_only
ADP,2019-02-22,303932.2380952381,0.000249105653446,254.7665143168179,1800.0,0.0003850817669777474,0.2,60786.44761904763,37375278.4252518,60786.44761904762,10.668014396009369,0.0016263811315979009,True,non_rolling_ow_day_only,ow,intraday_only
ADP,2019-02-25,303932.2380952381,0.000249105653446,254.7665143168179,1800.0,0.0003850817669777474,0.2,60786.44761904763,36790241.9356568,60786.447619047634,16.337958132478594,0.001652243758694446,True,non_rolling_ow_day_only,ow,intraday_only
ADP,2019-02-26,303932.2380952381,0.000249105653446,254.7665143168179,1800.0,0.0003850817669777474,0.2,60786.44761904763,37659868.18952274,60786.44761904764,-13.301042383602255,0.001614090822441032,True,non_rolling_ow_day_only,ow,intraday_only
ADP,2019-02-27,303932.2380952381,0.000249105653446,254.7665143168179,1800.0,0.0003850817669777474,0.2,60786.44761904763,37421655.20961172,60786.44761904763,-14.923891806674831,0.0016243655519394204,True,non_rolling_ow_day_only,ow,intraday_only
ADP,2019-02-28,303932.2380952381,0.000249105653446,254.7665143168179,1800.0,0.0003850817669777474,0.2,60786.44761904763,36425275.197399095,60786.44761904761,-21.4017177337397,0.001668798582567415,True,non_rolling_ow_day_only,ow,intraday_only
AEP,2019-02-01,280283.90476190473,0.0002608355109743,270.2363453816733,1800.0,0.0003850817669777474,0.2,56056.78095238095,36296469.95599407,56056.78095238094,16.528121237585744,0.0015444141267826961,True,non_rolling_ow_day_only,ow,intraday_only
AEP,2019-02-04,280283.90476190473,0.0002608355109743,270.2363453816733,1800.0,0.0003850817669777474,0.2,56056.78095238095,35143954.17207262,56056.780952380956,4.502080627298097,0.0015950618612212636,True,non_rolling_ow_day_only,ow,intraday_only
AEP,2019-02-05,280283.90476190473,0.0002608355109743,270.2363453816733,1800.0,0.0003850817669777474,0.2,56056.78095238095,34789879.6367666,56056.78095238094,-16.87906629406386,0.0016112956278566451,True,non_rolling_ow_day_only,ow,intraday_only
AEP,2019-02-06,280283.90476190473,0.0002608355109743,270.2363453816733,1800.0,0.0003850817669777474,0.2,56056.78095238095,34147792.81231907,56056.780952380956,-9.11297454051962,0.001641593096821123,True,non_rolling_ow_day_only,ow,intraday_only
AEP,2019-02-07,280283.90476190473,0.0002608355109743,270.2363453816733,1800.0,0.0003850817669777474,0.2,56056.78095238095,33602290.069608144,56056.780952380956,12.155709881885173,0.0016682428738118045,True,non_rolling_ow_day_only,ow,intraday_only
AEP,2019-02-08,280283.90476190473,0.0002608355109743,270.2363453816733,1800.0,0.0003850817669777474,0.2,56056.78095238095,34367412.94578785,56056.78095238094,13.745606284142134,0.001631102726318287,True,non_rolling_ow_day_only,ow,intraday_only
AEP,2019-02-11,280283.90476190473,0.0002608355109743,270.2363453816733,1800.0,0.0003850817669777474,0.2,56056.78095238095,34951317.40860631,56056.780952380956,-20.704691881662797,0.0016038531623010493,True,non_rolling_ow_day_only,ow,intraday_only
AEP,2019-02-12,280283.90476190473,0.0002608355109743,270.2363453816733,1800.0,0.0003850817669777474,0.2,56056.78095238095,34232635.773891374,56056.780952380956,-20.31125020523197,0.001637524534267223,True,non_rolling_ow_day_only,ow,intraday_only
AEP,2019-02-13,280283.90476190473,0.0002608355109743,270.2363453816733,1800.0,0.0003850817669777474,0.2,56056.78095238095,34359842.60259201,56056.780952380956,0.04082672052129155,0.001631462099542685,True,non_rolling_ow_day_only,ow,intraday_only
AEP,2019-02-14,280283.90476190473,0.0002608355109743,270.2363453816733,1800.0,0.0003850817669777474,0.2,56056.78095238095,33898224.71571335,56056.78095238094,16.997830210973703,0.0016536789587802841,True,non_rolling_ow_day_only,ow,intraday_only
AEP,2019-02-15,280283.90476190473,0.0002608355109743,270.2363453816733,1800.0,0.0003850817669777474,0.2,56056.78095238095,33671124.458271414,56056.78095238095,-31.982340201529663,0.0016648324596896683,True,non_rolling_ow_day_only,ow,intraday_only
AEP,2019-02-19,280283.90476190473,0.0002608355109743,270.2363453816733,1800.0,0.0003850817669777474,0.2,56056.78095238095,33417148.118034355,56056.78095238094,5.582326122757149,0.001677485486025918,True,non_rolling_ow_day_only,ow,intraday_only
AEP,2019-02-20,280283.90476190473,0.0002608355109743,270.2363453816733,1800.0,0.0003850817669777474,0.2,56056.78095238095,34479624.770355284,56056.780952380956,-8.878940524038594,0.0016257944025126736,True,non_rolling_ow_day_only,ow,intraday_only
AEP,2019-02-21,280283.90476190473,0.0002608355109743,270.2363453816733,1800.0,0.0003850817669777474,0.2,56056.78095238095,33740594.71834618,56056.780952380956,13.350638068640436,0.0016614046498089887,True,non_rolling_ow_day_only,ow,intraday_only
AEP,2019-02-22,280283.90476190473,0.0002608355109743,270.2363453816733,1800.0,0.0003850817669777474,0.2,56056.78095238095,32686457.25364306,56056.78095238094,-2.9867147816987654,0.0017149849100312991,True,non_rolling_ow_day_only,ow,intraday_only
AEP,2019-02-25,280283.90476190473,0.0002608355109743,270.2363453816733,1800.0,0.0003850817669777474,0.2,56056.78095238095,33805042.95282657,56056.780952380956,24.29396224423001,0.0016582372349180474,True,non_rolling_ow_day_only,ow,intraday_only
AEP,2019-02-26,280283.90476190473,0.0002608355109743,270.2363453816733,1800.0,0.0003850817669777474,0.2,56056.78095238095,33034434.11143587,56056.780952380956,-38.630927335156755,0.0016969196676196489,True,non_rolling_ow_day_only,ow,intraday_only
AEP,2019-02-27,280283.90476190473,0.0002608355109743,270.2363453816733,1800.0,0.0003850817669777474,0.2,56056.78095238095,33868394.5715573,56056.78095238094,6.2440108329002015,0.0016551354636531095,True,non_rolling_ow_day_only,ow,intraday_only
AEP,2019-02-28,280283.90476190473,0.0002608355109743,270.2363453816733,1800.0,0.0003850817669777474,0.2,56056.78095238095,34577156.41472921,56056.78095238094,1.7290183099424894,0.0016212085308583049,True,non_rolling_ow_day_only,ow,intraday_only
AES,2019-02-01,367966.8095238095,0.000300475148608,228.2627459822449,1800.0,0.0003850817669777474,0.2,73593.36190476191,52703940.7793586,73593.3619047619,45.80484789400333,0.0013963540641648681,True,non_rolling_ow_day_only,ow,intraday_only
AES,2019-02-04,367966.8095238095,0.000300475148608,228.2627459822449,1800.0,0.0003850817669777474,0.2,73593.36190476191,51037042.59375389,73593.3619047619,54.69064565336503,0.0014419597642158159,True,non_rolling_ow_day_only,ow,intraday_only
AES,2019-02-05,367966.8095238095,0.000300475148608,228.2627459822449,1800.0,0.0003850817669777474,0.2,73593.36190476191,50316331.42241405,73593.3619047619,-50.91026016614005,0.001462613823868304,True,non_rolling_ow_day_only,ow,intraday_only
AES,2019-02-06,367966.8095238095,0.000300475148608,228.2627459822449,1800.0,0.0003850817669777474,0.2,73593.36190476191,50976146.0234466,73593.36190476191,12.723415883244115,0.0014436823425394395,True,non_rolling_ow_day_only,ow,intraday_only
AES,2019-02-07,367966.8095238095,0.000300475148608,228.2627459822449,1800.0,0.0003850817669777474,0.2,73593.36190476191,52054436.63080171,73593.36190476191,-22.633428820752123,0.0014137769356092728,True,non_rolling_ow_day_only,ow,intraday_only
AES,2019-02-08,367966.8095238095,0.000300475148608,228.2627459822449,1800.0,0.0003850817669777474,0.2,73593.36190476191,52206017.459408075,73593.3619047619,13.853724911896002,0.0014096720164870498,True,non_rolling_ow_day_only,ow,intraday_only
AES,2019-02-11,367966.8095238095,0.000300475148608,228.2627459822449,1800.0,0.0003850817669777474,0.2,73593.36190476191,51046626.290816166,73593.36190476193,2.526187413098537,0.0014416890449428614,True,non_rolling_ow_day_only,ow,intraday_only
AES,2019-02-12,367966.8095238095,0.000300475148608,228.2627459822449,1800.0,0.0003850817669777474,0.2,73593.36190476191,49755106.76450761,73593.3619047619,47.44726557640943,0.0014791117272259402,True,non_rolling_ow_day_only,ow,intraday_only
AES,2019-02-13,367966.8095238095,0.000300475148608,228.2627459822449,1800.0,0.0003850817669777474,0.2,73593.36190476191,51562985.34858871,73593.36190476191,20.495793188188205,0.0014272517661116412,True,non_rolling_ow_day_only,ow,intraday_only
AES,2019-02-14,367966.8095238095,0.000300475148608,228.2627459822449,1800.0,0.0003850817669777474,0.2,73593.36190476191,49463559.14924143,73593.36190476193,52.30328432571569,0.0014878298927644097,True,non_rolling_ow_day_only,ow,intraday_only
AES,2019-02-15,367966.8095238095,0.000300475148608,228.2627459822449,1800.0,0.0003850817669777474,0.2,73593.36190476191,48849454.864330955,73593.36190476193,21.124081147257648,0.0015065339441177376,True,non_rolling_ow_day_only,ow,intraday_only
AES,2019-02-19,367966.8095238095,0.000300475148608,228.2627459822449,1800.0,0.0003850817669777474,0.2,73593.36190476191,49237773.21118389,73593.36190476193,-30.468751800467416,0.0014946525219391093,True,non_rolling_ow_day_only,ow,intraday_only
AES,2019-02-20,367966.8095238095,0.000300475148608,228.2627459822449,1800.0,0.0003850817669777474,0.2,73593.36190476191,49410417.55067806,73593.36190476193,12.803731813207499,0.0014894300747262557,True,non_rolling_ow_day_only,ow,intraday_only
AES,2019-02-21,367966.8095238095,0.000300475148608,228.2627459822449,1800.0,0.0003850817669777474,0.2,73593.36190476191,49221738.81466542,73593.3619047619,-17.42136299513335,0.0014951394176029203,True,non_rolling_ow_day_only,ow,intraday_only
AES,2019-02-22,367966.8095238095,0.000300475148608,228.2627459822449,1800.0,0.0003850817669777474,0.2,73593.36190476191,49331481.146817625,73593.36190476191,54.13883800758848,0.0014918133450268283,True,non_rolling_ow_day_only,ow,intraday_only
AES,2019-02-25,367966.8095238095,0.000300475148608,228.2627459822449,1800.0,0.0003850817669777474,0.2,73593.36190476191,51374538.7592903,73593.36190476193,8.828558292663764,0.0014324870584157543,True,non_rolling_ow_day_only,ow,intraday_only
AES,2019-02-26,367966.8095238095,0.000300475148608,228.2627459822449,1800.0,0.0003850817669777474,0.2,73593.36190476191,51921121.02775051,73593.3619047619,-1.1421377062485902,0.0014174070291245859,True,non_rolling_ow_day_only,ow,intraday_only
AES,2019-02-27,367966.8095238095,0.000300475148608,228.2627459822449,1800.0,0.0003850817669777474,0.2,73593.36190476191,50820874.07007934,73593.36190476191,48.02121478764249,0.0014480931949985845,True,non_rolling_ow_day_only,ow,intraday_only
AES,2019-02-28,367966.8095238095,0.000300475148608,228.2627459822449,1800.0,0.0003850817669777474,0.2,73593.36190476191,50709367.65582164,73593.36190476191,24.518655495727856,0.001451277452408009,True,non_rolling_ow_day_only,ow,intraday_only
AFL,2019-02-01,304800.04761904763,0.000232499900595,418.2289418670884,1800.0,0.0003850817669777474,0.2,60960.00952380953,25245616.591876667,60960.009523809524,4.058360615227404,0.0024146769916257365,True,non_rolling_ow_day_only,ow,intraday_only
AFL,2019-02-04,304800.04761904763,0.000232499900595,418.2289418670884,1800.0,0.0003850817669777474,0.2,60960.00952380953,25181769.84162186,60960.00952380953,12.273334131409428,0.0024207992491080336,True,non_rolling_ow_day_only,ow,intraday_only
AFL,2019-02-05,304800.04761904763,0.000232499900595,418.2289418670884,1800.0,0.0003850817669777474,0.2,60960.00952380953,25085240.770533256,60960.00952380954,-18.020630843052572,0.0024301145873559683,True,non_rolling_ow_day_only,ow,intraday_only
AFL,2019-02-06,304800.04761904763,0.000232499900595,418.2289418670884,1800.0,0.0003850817669777474,0.2,60960.00952380953,24162109.186089866,60960.009523809524,-12.597970466569897,0.002522958945939381,True,non_rolling_ow_day_only,ow,intraday_only
AFL,2019-02-07,304800.04761904763,0.000232499900595,418.2289418670884,1800.0,0.0003850817669777474,0.2,60960.00952380953,24201562.51513494,60960.009523809524,-10.61190274169546,0.002518846024329501,True,non_rolling_ow_day_only,ow,intraday_only
AFL,2019-02-08,304800.04761904763,0.000232499900595,418.2289418670884,1800.0,0.0003850817669777474,0.2,60960.00952380953,24740884.250073843,60960.00952380953,4.727416786649918,0.002463938188612947,True,non_rolling_ow_day_only,ow,intraday_only
AFL,2019-02-11,304800.04761904763,0.000232499900595,418.2289418670884,1800.0,0.0003850817669777474,0.2,60960.00952380953,25063784.355952315,60960.00952380954,-7.095167703277774,0.0024321949414367805,True,non_rolling_ow_day_only,ow,intraday_only
AFL,2019-02-12,304800.04761904763,0.000232499900595,418.2289418670884,1800.0,0.0003850817669777474,0.2,60960.00952380953,23959065.503288146,60960.00952380953,-0.9287517795954301,0.002544340033439258,True,non_rolling_ow_day_only,ow,intraday_only
AFL,2019-02-13,304800.04761904763,0.000232499900595,418.2289418670884,1800.0,0.0003850817669777474,0.2,60960.00952380953,23819383.486001767,60960.00952380954,-34.807722860335716,0.002559260593777948,True,non_rolling_ow_day_only,ow,intraday_only
AFL,2019-02-14,304800.04761904763,0.000232499900595,418.2289418670884,1800.0,0.0003850817669777474,0.2,60960.00952380953,24815638.635630783,60960.00952380954,28.539937035300504,0.002456515845466977,True,non_rolling_ow_day_only,ow,intraday_only
AFL,2019-02-15,304800.04761904763,0.000232499900595,418.2289418670884,1800.0,0.0003850817669777474,0.2,60960.00952380953,24346657.333980955,60960.009523809524,-3.533633727276019,0.0025038348668392696,True,non_rolling_ow_day_only,ow,intraday_only
AFL,2019-02-19,304800.04761904763,0.000232499900595,418.2289418670884,1800.0,0.0003850817669777474,0.2,60960.00952380953,23460985.342075557,60960.00952380954,-1.5670318932598093,0.002598356745676927,True,non_rolling_ow_day_only,ow,intraday_only
AFL,2019-02-20,304800.04761904763,0.000232499900595,418.2289418670884,1800.0,0.0003850817669777474,0.2,60960.00952380953,24234553.14224355,60960.00952380954,-18.38816292154894,0.0025154171057336057,True,non_rolling_ow_day_only,ow,intraday_only
AFL,2019-02-21,304800.04761904763,0.000232499900595,418.2289418670884,1800.0,0.0003850817669777474,0.2,60960.00952380953,23491931.10611119,60960.00952380954,-4.856596119948705,0.002594933947680078,True,non_rolling_ow_day_only,ow,intraday_only
AFL,2019-02-22,304800.04761904763,0.000232499900595,418.2289418670884,1800.0,0.0003850817669777474,0.2,60960.00952380953,24434364.1710354,60960.00952380953,16.436985100420465,0.0024948473836725322,True,non_rolling_ow_day_only,ow,intraday_only
AFL,2019-02-25,304800.04761904763,0.000232499900595,418.2289418670884,1800.0,0.0003850817669777474,0.2,60960.00952380953,23670137.39292705,60960.009523809524,16.36248897962824,0.0025753973672339218,True,non_rolling_ow_day_only,ow,intraday_only
AFL,2019-02-26,304800.04761904763,0.000232499900595,418.2289418670884,1800.0,0.0003850817669777474,0.2,60960.00952380953,22884877.782174926,60960.009523809524,-7.386586112474642,0.002663768192430173,True,non_rolling_ow_day_only,ow,intraday_only
AFL,2019-02-27,304800.04761904763,0.000232499900595,418.2289418670884,1800.0,0.0003850817669777474,0.2,60960.00952380953,24175703.917405896,60960.00952380954,35.60852502269577,0.002521540209628389,True,non_rolling_ow_day_only,ow,intraday_only
AFL,2019-02-28,304800.04761904763,0.000232499900595,418.2289418670884,1800.0,0.0003850817669777474,0.2,60960.00952380953,24192272.76147321,60960.00952380953,1.878395334884388,0.002519813252969347,True,non_rolling_ow_day_only,ow,intraday_only
AIG,2019-02-01,352603.8571428572,0.0003143205869681,347.05100939471447,1800.0,0.0003850817669777474,0.2,70520.77142857145,35636369.50243126,70520.77142857146,25.19251857753541,0.001978898872506085,True,non_rolling_ow_day_only,ow,intraday_only
AIG,2019-02-04,352603.8571428572,0.0003143205869681,347.05100939471447,1800.0,0.0003850817669777474,0.2,70520.77142857145,34802376.23753865,70520.77142857145,6.577778104552483,0.002026320586480704,True,non_rolling_ow_day_only,ow,intraday_only
AIG,2019-02-05,352603.8571428572,0.0003143205869681,347.05100939471447,1800.0,0.0003850817669777474,0.2,70520.77142857145,34189138.76306598,70520.77142857145,11.967488312207777,0.0020626659219843816,True,non_rolling_ow_day_only,ow,intraday_only
AIG,2019-02-06,352603.8571428572,0.0003143205869681,347.05100939471447,1800.0,0.0003850817669777474,0.2,70520.77142857145,34235941.50095825,70520.77142857143,2.693994377489549,0.0020598461247691288,True,non_rolling_ow_day_only,ow,intraday_only
AIG,2019-02-07,352603.8571428572,0.0003143205869681,347.05100939471447,1800.0,0.0003850817669777474,0.2,70520.77142857145,34540852.13344039,70520.77142857145,24.01545008050826,0.00204166275794619,True,non_rolling_ow_day_only,ow,intraday_only
AIG,2019-02-08,352603.8571428572,0.0003143205869681,347.05100939471447,1800.0,0.0003850817669777474,0.2,70520.77142857145,34256525.628827214,70520.77142857145,-30.095990251931298,0.002058608400416051,True,non_rolling_ow_day_only,ow,intraday_only
AIG,2019-02-11,352603.8571428572,0.0003143205869681,347.05100939471447,1800.0,0.0003850817669777474,0.2,70520.77142857145,34700095.23606926,70520.77142857145,-0.6007950346347215,0.0020322933106900563,True,non_rolling_ow_day_only,ow,intraday_only
AIG,2019-02-12,352603.8571428572,0.0003143205869681,347.05100939471447,1800.0,0.0003850817669777474,0.2,70520.77142857145,34035008.69564812,70520.77142857143,69.19635060484303,0.0020720068579735246,True,non_rolling_ow_day_only,ow,intraday_only
AIG,2019-02-13,352603.8571428572,0.0003143205869681,347.05100939471447,1800.0,0.0003850817669777474,0.2,70520.77142857145,33229762.815519877,70520.77142857145,-35.61035766675502,0.0021222171166275943,True,non_rolling_ow_day_only,ow,intraday_only
AIG,2019-02-14,352603.8571428572,0.0003143205869681,347.05100939471447,1800.0,0.0003850817669777474,0.2,70520.77142857145,37694855.352319516,70520.77142857145,-19.798930464551326,0.0018708327905609544,True,non_rolling_ow_day_only,ow,intraday_only
AIG,2019-02-15,352603.8571428572,0.0003143205869681,347.05100939471447,1800.0,0.0003850817669777474,0.2,70520.77142857145,35868460.31272889,70520.77142857146,7.170224491945028,0.001966094190096731,True,non_rolling_ow_day_only,ow,intraday_only
AIG,2019-02-19,352603.8571428572,0.0003143205869681,347.05100939471447,1800.0,0.0003850817669777474,0.2,70520.77142857145,35304493.74414681,70520.77142857146,33.641972182370864,0.0019975012795719017,True,non_rolling_ow_day_only,ow,intraday_only
AIG,2019-02-20,352603.8571428572,0.0003143205869681,347.05100939471447,1800.0,0.0003850817669777474,0.2,70520.77142857145,33874802.14289393,70520.77142857145,24.739335186246457,0.0020818061499250674,True,non_rolling_ow_day_only,ow,intraday_only
AIG,2019-02-21,352603.8571428572,0.0003143205869681,347.05100939471447,1800.0,0.0003850817669777474,0.2,70520.77142857145,34499239.276129134,70520.77142857143,-27.334678643204136,0.002044125404161201,True,non_rolling_ow_day_only,ow,intraday_only
AIG,2019-02-22,352603.8571428572,0.0003143205869681,347.05100939471447,1800.0,0.0003850817669777474,0.2,70520.77142857145,35055761.20368561,70520.77142857146,-1.5734512614399705,0.0020116742300594287,True,non_rolling_ow_day_only,ow,intraday_only
AIG,2019-02-25,352603.8571428572,0.0003143205869681,347.05100939471447,1800.0,0.0003850817669777474,0.2,70520.77142857145,33012103.972156942,70520.77142857143,9.167553717822209,0.002136209539629769,True,non_rolling_ow_day_only,ow,intraday_only
AIG,2019-02-26,352603.8571428572,0.0003143205869681,347.05100939471447,1800.0,0.0003850817669777474,0.2,70520.77142857145,33630179.0412255,70520.77142857145,22.030128812051636,0.0020969490332514635,True,non_rolling_ow_day_only,ow,intraday_only
AIG,2019-02-27,352603.8571428572,0.0003143205869681,347.05100939471447,1800.0,0.0003850817669777474,0.2,70520.77142857145,34917087.339452416,70520.77142857145,61.05502997136312,0.0020196636318199094,True,non_rolling_ow_day_only,ow,intraday_only
AIG,2019-02-28,352603.8571428572,0.0003143205869681,347.05100939471447,1800.0,0.0003850817669777474,0.2,70520.77142857145,34462694.04804078,70520.77142857145,54.473873441403114,0.002046293053301809,True,non_rolling_ow_day_only,ow,intraday_only
ALGN,2019-02-01,257176.61904761905,0.0005531453789446,260.86256052042444,1800.0,0.0003850817669777474,0.2,51435.32380952381,29817083.05002737,51435.32380952381,5.67724908799018,0.0017250286932234506,True,non_rolling_ow_day_only,ow,intraday_only
ALGN,2019-02-04,257176.61904761905,0.0005531453789446,260.86256052042444,1800.0,0.0003850817669777474,0.2,51435.32380952381,29732154.70248533,51435.323809523805,13.605275935383645,0.0017299561476190053,True,non_rolling_ow_day_only,ow,intraday_only
ALGN,2019-02-05,257176.61904761905,0.0005531453789446,260.86256052042444,1800.0,0.0003850817669777474,0.2,51435.32380952381,30204003.663181175,51435.32380952381,0.8089465536812703,0.001702930657243421,True,non_rolling_ow_day_only,ow,intraday_only
ALGN,2019-02-06,257176.61904761905,0.0005531453789446,260.86256052042444,1800.0,0.0003850817669777474,0.2,51435.32380952381,31954386.350960962,51435.323809523805,14.940603569282946,0.0016096483044487255,True,non_rolling_ow_day_only,ow,intraday_only
ALGN,2019-02-07,257176.61904761905,0.0005531453789446,260.86256052042444,1800.0,0.0003850817669777474,0.2,51435.32380952381,30064694.115964405,51435.32380952382,-17.576240059875378,0.0017108214575917327,True,non_rolling_ow_day_only,ow,intraday_only
ALGN,2019-02-08,257176.61904761905,0.0005531453789446,260.86256052042444,1800.0,0.0003850817669777474,0.2,51435.32380952381,31540174.401366115,51435.32380952382,18.954723851710614,0.0016307875522494249,True,non_rolling_ow_day_only,ow,intraday_only
ALGN,2019-02-11,257176.61904761905,0.0005531453789446,260.86256052042444,1800.0,0.0003850817669777474,0.2,51435.32380952381,30005166.52619071,51435.32380952382,-23.81437780060179,0.0017142155756618544,True,non_rolling_ow_day_only,ow,intraday_only
ALGN,2019-02-12,257176.61904761905,0.0005531453789446,260.86256052042444,1800.0,0.0003850817669777474,0.2,51435.32380952381,29029231.180124965,51435.32380952381,-34.27048307722205,0.0017718458849416347,True,non_rolling_ow_day_only,ow,intraday_only
ALGN,2019-02-13,257176.61904761905,0.0005531453789446,260.86256052042444,1800.0,0.0003850817669777474,0.2,51435.32380952381,30090276.002206944,51435.323809523805,-35.43023069164646,0.0017093669664496043,True,non_rolling_ow_day_only,ow,intraday_only
ALGN,2019-02-14,257176.61904761905,0.0005531453789446,260.86256052042444,1800.0,0.0003850817669777474,0.2,51435.32380952381,30351386.782909185,51435.323809523805,6.057125190755954,0.0016946614063277977,True,non_rolling_ow_day_only,ow,intraday_only
ALGN,2019-02-15,257176.61904761905,0.0005531453789446,260.86256052042444,1800.0,0.0003850817669777474,0.2,51435.32380952381,29741672.96306339,51435.32380952381,36.10656435437521,0.0017294025078347839,True,non_rolling_ow_day_only,ow,intraday_only
ALGN,2019-02-19,257176.61904761905,0.0005531453789446,260.86256052042444,1800.0,0.0003850817669777474,0.2,51435.32380952381,29621558.757904895,51435.32380952381,11.820176867484072,0.0017364151640331092,True,non_rolling_ow_day_only,ow,intraday_only
ALGN,2019-02-20,257176.61904761905,0.0005531453789446,260.86256052042444,1800.0,0.0003850817669777474,0.2,51435.32380952381,29504616.975202188,51435.32380952381,13.14387423041816,0.0017432974592672657,True,non_rolling_ow_day_only,ow,intraday_only
ALGN,2019-02-21,257176.61904761905,0.0005531453789446,260.86256052042444,1800.0,0.0003850817669777474,0.2,51435.32380952381,30191464.40445857,51435.32380952381,37.095654512234674,0.001703637926285153,True,non_rolling_ow_day_only,ow,intraday_only
ALGN,2019-02-22,257176.61904761905,0.0005531453789446,260.86256052042444,1800.0,0.0003850817669777474,0.2,51435.32380952381,29827559.61982146,51435.32380952381,2.916859313473239,0.0017244227977451846,True,non_rolling_ow_day_only,ow,intraday_only
ALGN,2019-02-25,257176.61904761905,0.0005531453789446,260.86256052042444,1800.0,0.0003850817669777474,0.2,51435.32380952381,28998972.81544915,51435.32380952382,1.9813378450706622,0.001773694680044727,True,non_rolling_ow_day_only,ow,intraday_only
ALGN,2019-02-26,257176.61904761905,0.0005531453789446,260.86256052042444,1800.0,0.0003850817669777474,0.2,51435.32380952381,28827727.147123903,51435.323809523805,-53.99036737431994,0.0017842309782877014,True,non_rolling_ow_day_only,ow,intraday_only
ALGN,2019-02-27,257176.61904761905,0.0005531453789446,260.86256052042444,1800.0,0.0003850817669777474,0.2,51435.32380952381,28780605.727113158,51435.323809523805,-35.20085165137358,0.0017871522335983524,True,non_rolling_ow_day_only,ow,intraday_only
ALGN,2019-02-28,257176.61904761905,0.0005531453789446,260.86256052042444,1800.0,0.0003850817669777474,0.2,51435.32380952381,29054474.75067392,51435.323809523805,1.8127735857227307,0.0017703064416379017,True,non_rolling_ow_day_only,ow,intraday_only
ALXN,2019-02-01,276546.71428571426,0.0004325249279626,183.9575960876114,1800.0,0.0003850817669777474,0.2,55309.34285714285,46262126.26616791,55309.342857142845,12.87882046351761,0.0011955642189665479,True,non_rolling_ow_day_only,ow,intraday_only
ALXN,2019-02-04,276546.71428571426,0.0004325249279626,183.9575960876114,1800.0,0.0003850817669777474,0.2,55309.34285714285,48777986.217268296,55309.34285714285,4.563143351102209,0.0011338996778338163,True,non_rolling_ow_day_only,ow,intraday_only
ALXN,2019-02-05,276546.71428571426,0.0004325249279626,183.9575960876114,1800.0,0.0003850817669777474,0.2,55309.34285714285,46973360.13185345,55309.34285714285,8.104060754658526,0.001177461921009918,True,non_rolling_ow_day_only,ow,intraday_only
ALXN,2019-02-06,276546.71428571426,0.0004325249279626,183.9575960876114,1800.0,0.0003850817669777474,0.2,55309.34285714285,50553272.38447127,55309.34285714285,3.629754977912963,0.0010940803680620393,True,non_rolling_ow_day_only,ow,intraday_only
ALXN,2019-02-07,276546.71428571426,0.0004325249279626,183.9575960876114,1800.0,0.0003850817669777474,0.2,55309.34285714285,49749086.74099548,55309.34285714285,0.014730143275649255,0.0011117659937175384,True,non_rolling_ow_day_only,ow,intraday_only
ALXN,2019-02-08,276546.71428571426,0.0004325249279626,183.9575960876114,1800.0,0.0003850817669777474,0.2,55309.34285714285,50316667.61005367,55309.34285714285,-42.72039932442139,0.0010992250775783013,True,non_rolling_ow_day_only,ow,intraday_only
ALXN,2019-02-11,276546.71428571426,0.0004325249279626,183.9575960876114,1800.0,0.0003850817669777474,0.2,55309.34285714285,50378578.68431963,55309.34285714285,-39.53889372486416,0.001097874221575805,True,non_rolling_ow_day_only,ow,intraday_only
ALXN,2019-02-12,276546.71428571426,0.0004325249279626,183.9575960876114,1800.0,0.0003850817669777474,0.2,55309.34285714285,48609440.02883619,55309.34285714286,15.418454397619008,0.001137831310632917,True,non_rolling_ow_day_only,ow,intraday_only
ALXN,2019-02-13,276546.71428571426,0.0004325249279626,183.9575960876114,1800.0,0.0003850817669777474,0.2,55309.34285714285,46830691.50810616,55309.34285714285,21.296315961377317,0.001181049031649876,True,non_rolling_ow_day_only,ow,intraday_only
ALXN,2019-02-14,276546.71428571426,0.0004325249279626,183.9575960876114,1800.0,0.0003850817669777474,0.2,55309.34285714285,48219477.78151964,55309.342857142845,30.289894514948394,0.0011470332198068815,True,non_rolling_ow_day_only,ow,intraday_only
ALXN,2019-02-15,276546.71428571426,0.0004325249279626,183.9575960876114,1800.0,0.0003850817669777474,0.2,55309.34285714285,47367450.67062524,55309.34285714285,10.781666338919589,0.0011676656031531533,True,non_rolling_ow_day_only,ow,intraday_only
ALXN,2019-02-19,276546.71428571426,0.0004325249279626,183.9575960876114,1800.0,0.0003850817669777474,0.2,55309.34285714285,47386265.57725264,55309.342857142845,27.726564417490888,0.0011672019768465066,True,non_rolling_ow_day_only,ow,intraday_only
ALXN,2019-02-20,276546.71428571426,0.0004325249279626,183.9575960876114,1800.0,0.0003850817669777474,0.2,55309.34285714285,47931996.42350612,55309.34285714285,3.7687593755161224,0.0011539127719290834,True,non_rolling_ow_day_only,ow,intraday_only
ALXN,2019-02-21,276546.71428571426,0.0004325249279626,183.9575960876114,1800.0,0.0003850817669777474,0.2,55309.34285714285,46728225.55225996,55309.34285714285,-6.229703194631767,0.0011836388436210986,True,non_rolling_ow_day_only,ow,intraday_only
ALXN,2019-02-22,276546.71428571426,0.0004325249279626,183.9575960876114,1800.0,0.0003850817669777474,0.2,55309.34285714285,46284962.60177952,55309.34285714286,-3.265862956351306,0.001194974344756549,True,non_rolling_ow_day_only,ow,intraday_only
ALXN,2019-02-25,276546.71428571426,0.0004325249279626,183.9575960876114,1800.0,0.0003850817669777474,0.2,55309.34285714285,44989509.78198025,55309.34285714285,-5.391262515821534,0.0012293830967523907,True,non_rolling_ow_day_only,ow,intraday_only
ALXN,2019-02-26,276546.71428571426,0.0004325249279626,183.9575960876114,1800.0,0.0003850817669777474,0.2,55309.34285714285,43756400.942571715,55309.34285714285,23.9544105156135,0.0012640286144588045,True,non_rolling_ow_day_only,ow,intraday_only
ALXN,2019-02-27,276546.71428571426,0.0004325249279626,183.9575960876114,1800.0,0.0003850817669777474,0.2,55309.34285714285,43075577.63593846,55309.34285714285,-2.146607592260036,0.001284006991725112,True,non_rolling_ow_day_only,ow,intraday_only
ALXN,2019-02-28,276546.71428571426,0.0004325249279626,183.9575960876114,1800.0,0.0003850817669777474,0.2,55309.34285714285,42750791.16968625,55309.34285714285,2.815662528940809,0.00129376185431538,True,non_rolling_ow_day_only,ow,intraday_only
AMAT,2019-02-01,1332595.2857142857,0.0004453378386483,312.4001396895912,1800.0,0.0003850817669777474,0.2,266519.0571428572,135138001.9563216,266519.0571428572,-85.41959906212941,0.001972199183683356,True,non_rolling_ow_day_only,ow,intraday_only
AMAT,2019-02-04,1332595.2857142857,0.0004453378386483,312.4001396895912,1800.0,0.0003850817669777474,0.2,266519.0571428572,135292524.40407497,266519.0571428572,141.24662727286142,0.0019699466642136934,True,non_rolling_ow_day_only,ow,intraday_only
AMAT,2019-02-05,1332595.2857142857,0.0004453378386483,312.4001396895912,1800.0,0.0003850817669777474,0.2,266519.0571428572,133499243.19361272,266519.05714285723,-96.39746162184048,0.001996408749346444,True,non_rolling_ow_day_only,ow,intraday_only
AMAT,2019-02-06,1332595.2857142857,0.0004453378386483,312.4001396895912,1800.0,0.0003850817669777474,0.2,266519.0571428572,127549468.6140122,266519.0571428572,175.6663379937366,0.002089534829418946,True,non_rolling_ow_day_only,ow,intraday_only
AMAT,2019-02-07,1332595.2857142857,0.0004453378386483,312.4001396895912,1800.0,0.0003850817669777474,0.2,266519.0571428572,131320160.44846532,266519.0571428571,-119.37933407863105,0.0020295364872589283,True,non_rolling_ow_day_only,ow,intraday_only
AMAT,2019-02-08,1332595.2857142857,0.0004453378386483,312.4001396895912,1800.0,0.0003850817669777474,0.2,266519.0571428572,131888158.8715421,266519.0571428572,95.93144650446747,0.0020207959488042016,True,non_rolling_ow_day_only,ow,intraday_only
AMAT,2019-02-11,1332595.2857142857,0.0004453378386483,312.4001396895912,1800.0,0.0003850817669777474,0.2,266519.0571428572,129328461.67567009,266519.0571428572,-48.84475964201873,0.002060791984143704,True,non_rolling_ow_day_only,ow,intraday_only
AMAT,2019-02-12,1332595.2857142857,0.0004453378386483,312.4001396895912,1800.0,0.0003850817669777474,0.2,266519.0571428572,127915820.0644502,266519.0571428572,-39.57680764418443,0.0020835503928174947,True,non_rolling_ow_day_only,ow,intraday_only
AMAT,2019-02-13,1332595.2857142857,0.0004453378386483,312.4001396895912,1800.0,0.0003850817669777474,0.2,266519.0571428572,125591908.50503519,266519.0571428572,85.82409137393557,0.002122103727185354,True,non_rolling_ow_day_only,ow,intraday_only
AMAT,2019-02-14,1332595.2857142857,0.0004453378386483,312.4001396895912,1800.0,0.0003850817669777474,0.2,266519.0571428572,127846173.2466711,266519.0571428571,-175.1897716338464,0.002084685449509901,True,non_rolling_ow_day_only,ow,intraday_only
AMAT,2019-02-15,1332595.2857142857,0.0004453378386483,312.4001396895912,1800.0,0.0003850817669777474,0.2,266519.0571428572,133734746.2182859,266519.0571428572,-157.41016031361352,0.001992893131212413,True,non_rolling_ow_day_only,ow,intraday_only
AMAT,2019-02-19,1332595.2857142857,0.0004453378386483,312.4001396895912,1800.0,0.0003850817669777474,0.2,266519.0571428572,133947164.43361229,266519.0571428571,14.143247703551069,0.001989732729840287,True,non_rolling_ow_day_only,ow,intraday_only
AMAT,2019-02-20,1332595.2857142857,0.0004453378386483,312.4001396895912,1800.0,0.0003850817669777474,0.2,266519.0571428572,129952801.30441168,266519.0571428572,-193.3068778065112,0.0020508912040960313,True,non_rolling_ow_day_only,ow,intraday_only
AMAT,2019-02-21,1332595.2857142857,0.0004453378386483,312.4001396895912,1800.0,0.0003850817669777474,0.2,266519.0571428572,135150663.51828048,266519.0571428572,6.709239188790207,0.0019720144186107366,True,non_rolling_ow_day_only,ow,intraday_only
AMAT,2019-02-22,1332595.2857142857,0.0004453378386483,312.4001396895912,1800.0,0.0003850817669777474,0.2,266519.0571428572,135660246.2914431,266519.0571428571,-129.3912747091839,0.001964606909015085,True,non_rolling_ow_day_only,ow,intraday_only
AMAT,2019-02-25,1332595.2857142857,0.0004453378386483,312.4001396895912,1800.0,0.0003850817669777474,0.2,266519.0571428572,133594827.36981484,266519.0571428572,-90.2054764318734,0.001994980362563618,True,non_rolling_ow_day_only,ow,intraday_only
AMAT,2019-02-26,1332595.2857142857,0.0004453378386483,312.4001396895912,1800.0,0.0003850817669777474,0.2,266519.0571428572,134291357.573907,266519.0571428572,8.991280314792718,0.0019846329797967746,True,non_rolling_ow_day_only,ow,intraday_only
AMAT,2019-02-27,1332595.2857142857,0.0004453378386483,312.4001396895912,1800.0,0.0003850817669777474,0.2,266519.0571428572,133010617.76110551,266519.0571428571,-248.90633020769187,0.002003742720912253,True,non_rolling_ow_day_only,ow,intraday_only
AMAT,2019-02-28,1332595.2857142857,0.0004453378386483,312.4001396895912,1800.0,0.0003850817669777474,0.2,266519.0571428572,131796799.00332591,266519.0571428571,153.9727369154066,0.002022196738906622,True,non_rolling_ow_day_only,ow,intraday_only
AMD,2019-02-01,9240929.23809524,0.0007047122925485,400.90456018190935,1800.0,0.0003850817669777474,0.2,1848185.8476190483,665850023.0373237,1848185.8476190483,-226.78979854763054,0.002775678882142878,True,non_rolling_ow_day_only,ow,intraday_only
AMD,2019-02-04,9240929.23809524,0.0007047122925485,400.90456018190935,1800.0,0.0003850817669777474,0.2,1848185.8476190483,664317991.8325272,1848185.8476190483,603.2722171877689,0.002782080073611752,True,non_rolling_ow_day_only,ow,intraday_only
AMD,2019-02-05,9240929.23809524,0.0007047122925485,400.90456018190935,1800.0,0.0003850817669777474,0.2,1848185.8476190483,699511973.3986275,1848185.8476190483,653.0557577155555,0.0026421075233916424,True,non_rolling_ow_day_only,ow,intraday_only
AMD,2019-02-06,9240929.23809524,0.0007047122925485,400.90456018190935,1800.0,0.0003850817669777474,0.2,1848185.8476190483,686220045.2719576,1848185.8476190483,745.9958309704247,0.002693284552605264,True,non_rolling_ow_day_only,ow,intraday_only
AMD,2019-02-07,9240929.23809524,0.0007047122925485,400.90456018190935,1800.0,0.0003850817669777474,0.2,1848185.8476190483,725955652.8499606,1848185.8476190483,108.87212121105154,0.0025458660461743503,True,non_rolling_ow_day_only,ow,intraday_only
AMD,2019-02-08,9240929.23809524,0.0007047122925485,400.90456018190935,1800.0,0.0003850817669777474,0.2,1848185.8476190483,706914271.2040882,1848185.8476190486,-526.088397414864,0.0026144412737219612,True,non_rolling_ow_day_only,ow,intraday_only
AMD,2019-02-11,9240929.23809524,0.0007047122925485,400.90456018190935,1800.0,0.0003850817669777474,0.2,1848185.8476190483,693572598.4102396,1848185.8476190483,-1481.3785007583124,0.002664733081807637,True,non_rolling_ow_day_only,ow,intraday_only
AMD,2019-02-12,9240929.23809524,0.0007047122925485,400.90456018190935,1800.0,0.0003850817669777474,0.2,1848185.8476190483,701044317.4798602,1848185.8476190483,-594.3645892809836,0.0026363323994451227,True,non_rolling_ow_day_only,ow,intraday_only
AMD,2019-02-13,9240929.23809524,0.0007047122925485,400.90456018190935,1800.0,0.0003850817669777474,0.2,1848185.8476190483,701399613.1205659,1848185.8476190483,-181.9009518272976,0.0026349969590036795,True,non_rolling_ow_day_only,ow,intraday_only
AMD,2019-02-14,9240929.23809524,0.0007047122925485,400.90456018190935,1800.0,0.0003850817669777474,0.2,1848185.8476190483,685018509.3559399,1848185.8476190483,1542.9596536443596,0.0026980086265942335,True,non_rolling_ow_day_only,ow,intraday_only
AMD,2019-02-15,9240929.23809524,0.0007047122925485,400.90456018190935,1800.0,0.0003850817669777474,0.2,1848185.8476190483,676609398.5856117,1848185.8476190486,722.6109571863858,0.0027315403118586693,True,non_rolling_ow_day_only,ow,intraday_only
AMD,2019-02-19,9240929.23809524,0.0007047122925485,400.90456018190935,1800.0,0.0003850817669777474,0.2,1848185.8476190483,670654502.1173098,1848185.8476190483,-18.28115454543763,0.002755794290180977,True,non_rolling_ow_day_only,ow,intraday_only
AMD,2019-02-20,9240929.23809524,0.0007047122925485,400.90456018190935,1800.0,0.0003850817669777474,0.2,1848185.8476190483,658976808.2353344,1848185.8476190483,1026.3543819455288,0.002804629578039752,True,non_rolling_ow_day_only,ow,intraday_only
AMD,2019-02-21,9240929.23809524,0.0007047122925485,400.90456018190935,1800.0,0.0003850817669777474,0.2,1848185.8476190483,664199182.6694193,1848185.8476190483,-903.745601661166,0.0027825777204229336,True,non_rolling_ow_day_only,ow,intraday_only
AMD,2019-02-22,9240929.23809524,0.0007047122925485,400.90456018190935,1800.0,0.0003850817669777474,0.2,1848185.8476190483,706709237.6454791,1848185.8476190483,1889.875209489699,0.0026151997867985863,True,non_rolling_ow_day_only,ow,intraday_only
AMD,2019-02-25,9240929.23809524,0.0007047122925485,400.90456018190935,1800.0,0.0003850817669777474,0.2,1848185.8476190483,638224573.2341487,1848185.8476190483,-1179.6671394195182,0.002895823703956624,True,non_rolling_ow_day_only,ow,intraday_only
AMD,2019-02-26,9240929.23809524,0.0007047122925485,400.90456018190935,1800.0,0.0003850817669777474,0.2,1848185.8476190483,644445788.7420778,1848185.8476190483,23.304708036929696,0.002867868608819066,True,non_rolling_ow_day_only,ow,intraday_only
AMD,2019-02-27,9240929.23809524,0.0007047122925485,400.90456018190935,1800.0,0.0003850817669777474,0.2,1848185.8476190483,714536545.6608436,1848185.8476190483,-202.73626447761376,0.0025865518829547647,True,non_rolling_ow_day_only,ow,intraday_only
AMD,2019-02-28,9240929.23809524,0.0007047122925485,400.90456018190935,1800.0,0.0003850817669777474,0.2,1848185.8476190483,703658959.4959536,1848185.847619048,-158.17260861425825,0.00262653636776393,True,non_rolling_ow_day_only,ow,intraday_only
AMGN,2019-02-01,542303.8571428572,0.0002657595047032,391.00911257998285,1800.0,0.0003850817669777474,0.2,108460.77142857143,50266915.59289613,108460.77142857145,50.67398173893376,0.002157696969254653,True,non_rolling_ow_day_only,ow,intraday_only
AMGN,2019-02-04,542303.8571428572,0.0002657595047032,391.00911257998285,1800.0,0.0003850817669777474,0.2,108460.77142857143,51645818.12361656,108460.77142857143,8.227359249858452,0.002100088165298607,True,non_rolling_ow_day_only,ow,intraday_only
AMGN,2019-02-05,542303.8571428572,0.0002657595047032,391.00911257998285,1800.0,0.0003850817669777474,0.2,108460.77142857143,51308504.781893924,108460.77142857142,32.42363682927507,0.0021138946046006346,True,non_rolling_ow_day_only,ow,intraday_only
AMGN,2019-02-06,542303.8571428572,0.0002657595047032,391.00911257998285,1800.0,0.0003850817669777474,0.2,108460.77142857143,52369513.740943685,108460.77142857143,74.45839103993659,0.002071066994532247,True,non_rolling_ow_day_only,ow,intraday_only
AMGN,2019-02-07,542303.8571428572,0.0002657595047032,391.00911257998285,1800.0,0.0003850817669777474,0.2,108460.77142857143,51898059.14888495,108460.77142857143,-33.912133557103104,0.002089881070839655,True,non_rolling_ow_day_only,ow,intraday_only
AMGN,2019-02-08,542303.8571428572,0.0002657595047032,391.00911257998285,1800.0,0.0003850817669777474,0.2,108460.77142857143,53509437.63959357,108460.77142857143,29.307633178519268,0.0020269465763982798,True,non_rolling_ow_day_only,ow,intraday_only
AMGN,2019-02-11,542303.8571428572,0.0002657595047032,391.00911257998285,1800.0,0.0003850817669777474,0.2,108460.77142857143,52827054.52581093,108460.77142857142,-28.861559290445314,0.0020531292611738984,True,non_rolling_ow_day_only,ow,intraday_only
AMGN,2019-02-12,542303.8571428572,0.0002657595047032,391.00911257998285,1800.0,0.0003850817669777474,0.2,108460.77142857143,52045915.36398878,108460.77142857143,96.63792806277489,0.0020839439688982164,True,non_rolling_ow_day_only,ow,intraday_only
AMGN,2019-02-13,542303.8571428572,0.0002657595047032,391.00911257998285,1800.0,0.0003850817669777474,0.2,108460.77142857143,52445351.77551825,108460.77142857143,-32.373915416419536,0.002068072150470377,True,non_rolling_ow_day_only,ow,intraday_only
AMGN,2019-02-14,542303.8571428572,0.0002657595047032,391.00911257998285,1800.0,0.0003850817669777474,0.2,108460.77142857143,51690301.8210893,108460.77142857146,51.08591408158209,0.0020982808690879064,True,non_rolling_ow_day_only,ow,intraday_only
AMGN,2019-02-15,542303.8571428572,0.0002657595047032,391.00911257998285,1800.0,0.0003850817669777474,0.2,108460.77142857143,53001137.20547536,108460.77142857143,24.542574065733326,0.0020463857408962675,True,non_rolling_ow_day_only,ow,intraday_only
AMGN,2019-02-19,542303.8571428572,0.0002657595047032,391.00911257998285,1800.0,0.0003850817669777474,0.2,108460.77142857143,53074784.067893304,108460.77142857145,17.97450674870869,0.002043546164781911,True,non_rolling_ow_day_only,ow,intraday_only
AMGN,2019-02-20,542303.8571428572,0.0002657595047032,391.00911257998285,1800.0,0.0003850817669777474,0.2,108460.77142857143,51278568.223325305,108460.77142857143,47.377258687274505,0.002115128701648019,True,non_rolling_ow_day_only,ow,intraday_only
AMGN,2019-02-21,542303.8571428572,0.0002657595047032,391.00911257998285,1800.0,0.0003850817669777474,0.2,108460.77142857143,54117300.66613748,108460.77142857142,54.40718137715602,0.0020041792567905736,True,non_rolling_ow_day_only,ow,intraday_only
AMGN,2019-02-22,542303.8571428572,0.0002657595047032,391.00911257998285,1800.0,0.0003850817669777474,0.2,108460.77142857143,52046719.545041725,108460.77142857143,-76.31232871016448,0.002083911769592096,True,non_rolling_ow_day_only,ow,intraday_only
AMGN,2019-02-25,542303.8571428572,0.0002657595047032,391.00911257998285,1800.0,0.0003850817669777474,0.2,108460.77142857143,51380092.63404582,108460.77142857142,34.708867710669374,0.0021109493165199634,True,non_rolling_ow_day_only,ow,intraday_only
AMGN,2019-02-26,542303.8571428572,0.0002657595047032,391.00911257998285,1800.0,0.0003850817669777474,0.2,108460.77142857143,51480221.50965424,108460.77142857143,-53.98761118810063,0.002106843526464459,True,non_rolling_ow_day_only,ow,intraday_only
AMGN,2019-02-27,542303.8571428572,0.0002657595047032,391.00911257998285,1800.0,0.0003850817669777474,0.2,108460.77142857143,50559282.664002046,108460.77142857145,-38.58409500864681,0.0021452197443021666,True,non_rolling_ow_day_only,ow,intraday_only
AMGN,2019-02-28,542303.8571428572,0.0002657595047032,391.00911257998285,1800.0,0.0003850817669777474,0.2,108460.77142857143,52701738.72777803,108460.77142857143,38.25256981516437,0.0020580112544067533,True,non_rolling_ow_day_only,ow,intraday_only
AMZN,2019-02-01,636814.1428571428,0.0003267894702955,591.0955658337716,1800.0,0.0003850817669777474,0.2,127362.82857142857,37046827.18275349,127362.82857142857,76.28974802080832,0.0034378876210678613,True,non_rolling_ow_day_only,ow,intraday_only
AMZN,2019-02-04,636814.1428571428,0.0003267894702955,591.0955658337716,1800.0,0.0003850817669777474,0.2,127362.82857142857,37236608.240487725,127362.82857142859,-33.12261509180503,0.003420365994369641,True,non_rolling_ow_day_only,ow,intraday_only
AMZN,2019-02-05,636814.1428571428,0.0003267894702955,591.0955658337716,1800.0,0.0003850817669777474,0.2,127362.82857142857,37082560.02436651,127362.82857142857,-9.847584641951997,0.0034345748645115107,True,non_rolling_ow_day_only,ow,intraday_only
AMZN,2019-02-06,636814.1428571428,0.0003267894702955,591.0955658337716,1800.0,0.0003850817669777474,0.2,127362.82857142857,38383496.14703,127362.8285714286,-41.98000752985584,0.0033181664349583623,True,non_rolling_ow_day_only,ow,intraday_only
AMZN,2019-02-07,636814.1428571428,0.0003267894702955,591.0955658337716,1800.0,0.0003850817669777474,0.2,127362.82857142857,38196564.85655087,127362.82857142859,27.430713382311886,0.003334405307119792,True,non_rolling_ow_day_only,ow,intraday_only
AMZN,2019-02-08,636814.1428571428,0.0003267894702955,591.0955658337716,1800.0,0.0003850817669777474,0.2,127362.82857142857,39387988.90377324,127362.82857142857,-19.01162321484854,0.0032335448474554544,True,non_rolling_ow_day_only,ow,intraday_only
AMZN,2019-02-11,636814.1428571428,0.0003267894702955,591.0955658337716,1800.0,0.0003850817669777474,0.2,127362.82857142857,38506231.590124995,127362.82857142859,-40.88353541975212,0.0033075900526212763,True,non_rolling_ow_day_only,ow,intraday_only
AMZN,2019-02-12,636814.1428571428,0.0003267894702955,591.0955658337716,1800.0,0.0003850817669777474,0.2,127362.82857142857,38885524.234676465,127362.82857142857,-17.99733347951242,0.0032753275435554443,True,non_rolling_ow_day_only,ow,intraday_only
AMZN,2019-02-13,636814.1428571428,0.0003267894702955,591.0955658337716,1800.0,0.0003850817669777474,0.2,127362.82857142857,39017086.81028651,127362.82857142856,-14.39162693631782,0.0032642833943678875,True,non_rolling_ow_day_only,ow,intraday_only
AMZN,2019-02-14,636814.1428571428,0.0003267894702955,591.0955658337716,1800.0,0.0003850817669777474,0.2,127362.82857142857,37850366.76262735,127362.82857142857,-49.156994694078776,0.003364903420095362,True,non_rolling_ow_day_only,ow,intraday_only
AMZN,2019-02-15,636814.1428571428,0.0003267894702955,591.0955658337716,1800.0,0.0003850817669777474,0.2,127362.82857142857,39029838.816763476,127362.82857142854,42.15766973437255,0.003263216872848722,True,non_rolling_ow_day_only,ow,intraday_only
AMZN,2019-02-19,636814.1428571428,0.0003267894702955,591.0955658337716,1800.0,0.0003850817669777474,0.2,127362.82857142857,38384406.05025255,127362.82857142857,-19.534457980298058,0.0033180877777471978,True,non_rolling_ow_day_only,ow,intraday_only
AMZN,2019-02-20,636814.1428571428,0.0003267894702955,591.0955658337716,1800.0,0.0003850817669777474,0.2,127362.82857142857,37136982.8248177,127362.82857142857,33.767432453075926,0.003429541628953099,True,non_rolling_ow_day_only,ow,intraday_only
AMZN,2019-02-21,636814.1428571428,0.0003267894702955,591.0955658337716,1800.0,0.0003850817669777474,0.2,127362.82857142857,38586500.92175062,127362.82857142857,21.07950789117971,0.0033007094587225476,True,non_rolling_ow_day_only,ow,intraday_only
AMZN,2019-02-22,636814.1428571428,0.0003267894702955,591.0955658337716,1800.0,0.0003850817669777474,0.2,127362.82857142857,38024971.39017094,127362.82857142857,-7.641250777950937,0.003349452318177169,True,non_rolling_ow_day_only,ow,intraday_only
AMZN,2019-02-25,636814.1428571428,0.0003267894702955,591.0955658337716,1800.0,0.0003850817669777474,0.2,127362.82857142857,38422837.65721724,127362.82857142857,-5.177118614209363,0.003314768932676816,True,non_rolling_ow_day_only,ow,intraday_only
AMZN,2019-02-26,636814.1428571428,0.0003267894702955,591.0955658337716,1800.0,0.0003850817669777474,0.2,127362.82857142857,39666398.41375699,127362.82857142856,83.06951634015508,0.0032108493249857783,True,non_rolling_ow_day_only,ow,intraday_only
AMZN,2019-02-27,636814.1428571428,0.0003267894702955,591.0955658337716,1800.0,0.0003850817669777474,0.2,127362.82857142857,38531320.55924043,127362.82857142859,85.34657899365158,0.003305436375470524,True,non_rolling_ow_day_only,ow,intraday_only
AMZN,2019-02-28,636814.1428571428,0.0003267894702955,591.0955658337716,1800.0,0.0003850817669777474,0.2,127362.82857142857,37983635.665908396,127362.82857142857,6.9724726502817305,0.00335309736255029,True,non_rolling_ow_day_only,ow,intraday_only
APA,2019-02-01,448791.2380952381,0.0004688084821136,354.5970656059193,1800.0,0.0003850817669777474,0.2,89758.24761904763,40686891.60809776,89758.24761904763,-3.4473802632858863,0.002206072866996391,True,non_rolling_ow_day_only,ow,intraday_only
APA,2019-02-04,448791.2380952381,0.0004688084821136,354.5970656059193,1800.0,0.0003850817669777474,0.2,89758.24761904763,41366052.68015688,89758.24761904764,8.447846920642391,0.002169852857681639,True,non_rolling_ow_day_only,ow,intraday_only
APA,2019-02-05,448791.2380952381,0.0004688084821136,354.5970656059193,1800.0,0.0003850817669777474,0.2,89758.24761904763,42739321.273933694,89758.24761904763,-34.931845468971865,0.002100132733595616,True,non_rolling_ow_day_only,ow,intraday_only
APA,2019-02-06,448791.2380952381,0.0004688084821136,354.5970656059193,1800.0,0.0003850817669777474,0.2,89758.24761904763,42519193.030993566,89758.24761904762,28.024329314738374,0.0021110054359126723,True,non_rolling_ow_day_only,ow,intraday_only
APA,2019-02-07,448791.2380952381,0.0004688084821136,354.5970656059193,1800.0,0.0003850817669777474,0.2,89758.24761904763,44614512.875186965,89758.24761904764,6.611454314431128,0.0020118621012439213,True,non_rolling_ow_day_only,ow,intraday_only
APA,2019-02-08,448791.2380952381,0.0004688084821136,354.5970656059193,1800.0,0.0003850817669777474,0.2,89758.24761904763,45605573.00764066,89758.24761904764,-34.1808678359687,0.0019681420865824825,True,non_rolling_ow_day_only,ow,intraday_only
APA,2019-02-11,448791.2380952381,0.0004688084821136,354.5970656059193,1800.0,0.0003850817669777474,0.2,89758.24761904763,45431055.5919676,89758.24761904763,57.47018117536478,0.0019757024451555394,True,non_rolling_ow_day_only,ow,intraday_only
APA,2019-02-12,448791.2380952381,0.0004688084821136,354.5970656059193,1800.0,0.0003850817669777474,0.2,89758.24761904763,44580520.16401076,89758.24761904764,21.929010388347404,0.002013396149009231,True,non_rolling_ow_day_only,ow,intraday_only
APA,2019-02-13,448791.2380952381,0.0004688084821136,354.5970656059193,1800.0,0.0003850817669777474,0.2,89758.24761904763,43048945.514588386,89758.24761904762,89.18268453906921,0.0020850277874664884,True,non_rolling_ow_day_only,ow,intraday_only
APA,2019-02-14,448791.2380952381,0.0004688084821136,354.5970656059193,1800.0,0.0003850817669777474,0.2,89758.24761904763,42431250.62963708,89758.24761904763,-5.586537135994057,0.0021153806754956673,True,non_rolling_ow_day_only,ow,intraday_only
APA,2019-02-15,448791.2380952381,0.0004688084821136,354.5970656059193,1800.0,0.0003850817669777474,0.2,89758.24761904763,41957830.65344466,89758.24761904762,-28.030262828626796,0.0021392490083773823,True,non_rolling_ow_day_only,ow,intraday_only
APA,2019-02-19,448791.2380952381,0.0004688084821136,354.5970656059193,1800.0,0.0003850817669777474,0.2,89758.24761904763,40844718.41416879,89758.24761904762,-2.8965474326195135,0.0021975484494443477,True,non_rolling_ow_day_only,ow,intraday_only
APA,2019-02-20,448791.2380952381,0.0004688084821136,354.5970656059193,1800.0,0.0003850817669777474,0.2,89758.24761904763,40733137.59130658,89758.24761904764,64.94974074636792,0.002203568222994051,True,non_rolling_ow_day_only,ow,intraday_only
APA,2019-02-21,448791.2380952381,0.0004688084821136,354.5970656059193,1800.0,0.0003850817669777474,0.2,89758.24761904763,40156026.93969579,89758.24761904764,-64.96277969410104,0.002235237259747879,True,non_rolling_ow_day_only,ow,intraday_only
APA,2019-02-22,448791.2380952381,0.0004688084821136,354.5970656059193,1800.0,0.0003850817669777474,0.2,89758.24761904763,38885367.19280736,89758.24761904762,-31.307422944699113,0.0023082782573196387,True,non_rolling_ow_day_only,ow,intraday_only
APA,2019-02-25,448791.2380952381,0.0004688084821136,354.5970656059193,1800.0,0.0003850817669777474,0.2,89758.24761904763,41628191.12691359,89758.24761904764,-9.242662077450596,0.0021561889957072105,True,non_rolling_ow_day_only,ow,intraday_only
APA,2019-02-26,448791.2380952381,0.0004688084821136,354.5970656059193,1800.0,0.0003850817669777474,0.2,89758.24761904763,42125879.4173366,89758.24761904762,-8.565432691192477,0.0021307151057862136,True,non_rolling_ow_day_only,ow,intraday_only
APA,2019-02-27,448791.2380952381,0.0004688084821136,354.5970656059193,1800.0,0.0003850817669777474,0.2,89758.24761904763,40450937.033000916,89758.24761904762,32.512090732138674,0.0022189411223235826,True,non_rolling_ow_day_only,ow,intraday_only
APA,2019-02-28,448791.2380952381,0.0004688084821136,354.5970656059193,1800.0,0.0003850817669777474,0.2,89758.24761904763,40786207.12398569,89758.24761904764,34.764525613848136,0.0022007010199843343,True,non_rolling_ow_day_only,ow,intraday_only
APC,2019-02-01,398272.2380952381,0.0003848964931289,357.43270251792,1800.0,0.0003850817669777474,0.2,79654.44761904763,38427240.71622734,79654.44761904763,7.706868198505248,0.002072864096781494,True,non_rolling_ow_day_only,ow,intraday_only
APC,2019-02-04,398272.2380952381,0.0003848964931289,357.43270251792,1800.0,0.0003850817669777474,0.2,79654.44761904763,37546737.012542635,79654.44761904761,32.02581191654211,0.0021214745662835825,True,non_rolling_ow_day_only,ow,intraday_only
APC,2019-02-05,398272.2380952381,0.0003848964931289,357.43270251792,1800.0,0.0003850817669777474,0.2,79654.44761904763,39474157.30239382,79654.44761904763,-8.705656721076352,0.002017888488634491,True,non_rolling_ow_day_only,ow,intraday_only
APC,2019-02-06,398272.2380952381,0.0003848964931289,357.43270251792,1800.0,0.0003850817669777474,0.2,79654.44761904763,39845176.15998844,79654.44761904763,-14.744951282163974,0.001999098894662052,True,non_rolling_ow_day_only,ow,intraday_only
APC,2019-02-07,398272.2380952381,0.0003848964931289,357.43270251792,1800.0,0.0003850817669777474,0.2,79654.44761904763,41784167.819777906,79654.44761904763,-23.535769269404312,0.001906330837139334,True,non_rolling_ow_day_only,ow,intraday_only
APC,2019-02-08,398272.2380952381,0.0003848964931289,357.43270251792,1800.0,0.0003850817669777474,0.2,79654.44761904763,42533794.65126319,79654.44761904763,-55.73224050182223,0.0018727331589419333,True,non_rolling_ow_day_only,ow,intraday_only
APC,2019-02-11,398272.2380952381,0.0003848964931289,357.43270251792,1800.0,0.0003850817669777474,0.2,79654.44761904763,43864009.13999294,79654.44761904763,84.51012878341632,0.0018159408859511389,True,non_rolling_ow_day_only,ow,intraday_only
APC,2019-02-12,398272.2380952381,0.0003848964931289,357.43270251792,1800.0,0.0003850817669777474,0.2,79654.44761904763,41693319.902820736,79654.44761904764,4.974329825782341,0.0019104846484930228,True,non_rolling_ow_day_only,ow,intraday_only
APC,2019-02-13,398272.2380952381,0.0003848964931289,357.43270251792,1800.0,0.0003850817669777474,0.2,79654.44761904763,41218857.589835405,79654.44761904763,-22.5408225215142,0.0019324758684891466,True,non_rolling_ow_day_only,ow,intraday_only
APC,2019-02-14,398272.2380952381,0.0003848964931289,357.43270251792,1800.0,0.0003850817669777474,0.2,79654.44761904763,41408824.922710165,79654.44761904763,31.454596203740223,0.0019236104325037757,True,non_rolling_ow_day_only,ow,intraday_only
APC,2019-02-15,398272.2380952381,0.0003848964931289,357.43270251792,1800.0,0.0003850817669777474,0.2,79654.44761904763,41890979.96810982,79654.44761904763,-20.068341790864732,0.0019014701417748132,True,non_rolling_ow_day_only,ow,intraday_only
APC,2019-02-19,398272.2380952381,0.0003848964931289,357.43270251792,1800.0,0.0003850817669777474,0.2,79654.44761904763,39879510.23102476,79654.44761904763,35.934272055114796,0.00199737778015838,True,non_rolling_ow_day_only,ow,intraday_only
APC,2019-02-20,398272.2380952381,0.0003848964931289,357.43270251792,1800.0,0.0003850817669777474,0.2,79654.44761904763,40473014.03407863,79654.44761904763,73.00397896361966,0.0019680878610122262,True,non_rolling_ow_day_only,ow,intraday_only
APC,2019-02-21,398272.2380952381,0.0003848964931289,357.43270251792,1800.0,0.0003850817669777474,0.2,79654.44761904763,41934900.73839468,79654.44761904763,-21.079192784184016,0.001899478625595452,True,non_rolling_ow_day_only,ow,intraday_only
APC,2019-02-22,398272.2380952381,0.0003848964931289,357.43270251792,1800.0,0.0003850817669777474,0.2,79654.44761904763,41267552.62306088,79654.44761904763,9.281640425823461,0.0019301955787544235,True,non_rolling_ow_day_only,ow,intraday_only
APC,2019-02-25,398272.2380952381,0.0003848964931289,357.43270251792,1800.0,0.0003850817669777474,0.2,79654.44761904763,41317982.40350029,79654.44761904763,49.696576150854284,0.0019278397197898907,True,non_rolling_ow_day_only,ow,intraday_only
APC,2019-02-26,398272.2380952381,0.0003848964931289,357.43270251792,1800.0,0.0003850817669777474,0.2,79654.44761904763,42377331.84677999,79654.44761904763,32.339098859166135,0.0018796475414508693,True,non_rolling_ow_day_only,ow,intraday_only
APC,2019-02-27,398272.2380952381,0.0003848964931289,357.43270251792,1800.0,0.0003850817669777474,0.2,79654.44761904763,41305135.506585084,79654.44761904763,-29.93738740514459,0.0019284393246052586,True,non_rolling_ow_day_only,ow,intraday_only
APC,2019-02-28,398272.2380952381,0.0003848964931289,357.43270251792,1800.0,0.0003850817669777474,0.2,79654.44761904763,40333703.03257999,79654.44761904763,16.600315207958104,0.001974885557983751,True,non_rolling_ow_day_only,ow,intraday_only
